relative_path,size_bytes,size_mb,extension
Donor Number/config.yaml,663,0.00,.yaml
Donor Number/cv.data,1473,0.00,.data
Donor Number/fold_5/final/config.yaml,689,0.00,.yaml
Donor Number/fold_5/final/cv.data,1473,0.00,.data
Donor Number/fold_5/final/final_cleaned_data.sdf,363526565,346.69,.sdf
Donor Number/fold_5/final/high_op_molecules.sdf,291453554,277.95,.sdf
Donor Number/fold_5/final/high_op_smiles_only.sdf,12576,0.01,.sdf
Donor Number/fold_5/final/metric.result,236,0.00,.result
Donor Number/fold_5/final/model_0.pth,189394476,180.62,.pth
Donor Number/fold_5/final/model_1.pth,189394476,180.62,.pth
Donor Number/fold_5/final/model_2.pth,189394476,180.62,.pth
Donor Number/fold_5/final/model_3.pth,189394476,180.62,.pth
Donor Number/fold_5/final/model_4.pth,189394476,180.62,.pth
Donor Number/fold_5/final/pred_dn.sdf,65819,0.06,.sdf
Donor Number/fold_5/final/smiles_only_file_cleaned.sdf,62389025,59.50,.sdf
Donor Number/fold_5/final/target_scaler.ss,623,0.00,.ss
Donor Number/fold_5/final/test_dn_set.sdf,60475,0.06,.sdf
Donor Number/fold_5/final/train_dn_set.sdf,253329,0.24,.sdf
Donor Number/fold_5/pretrain/config.yaml,665,0.00,.yaml
Donor Number/fold_5/pretrain/cv.data,1473,0.00,.data
Donor Number/fold_5/pretrain/metric.result,236,0.00,.result
Donor Number/fold_5/pretrain/model_0.pth,189394476,180.62,.pth
Donor Number/fold_5/pretrain/model_1.pth,189394476,180.62,.pth
Donor Number/fold_5/pretrain/model_2.pth,189394476,180.62,.pth
Donor Number/fold_5/pretrain/model_3.pth,189394476,180.62,.pth
Donor Number/fold_5/pretrain/model_4.pth,189394476,180.62,.pth
Donor Number/fold_5/pretrain/target_scaler.ss,623,0.00,.ss
Donor Number/fold_5/pretrain/train_dn_set.sdf,253329,0.24,.sdf
Donor Number/metric.result,236,0.00,.result
Donor Number/model_0.pth,189394476,180.62,.pth
Donor Number/model_1.pth,189394476,180.62,.pth
Donor Number/model_2.pth,189394476,180.62,.pth
Donor Number/model_3.pth,189394476,180.62,.pth
Donor Number/model_4.pth,189394476,180.62,.pth
Donor Number/target_scaler.ss,623,0.00,.ss
Donor Number/test_dn_set.sdf,63564,0.06,.sdf
Donor Number/train_dn_set.sdf,260674,0.25,.sdf
ESP/config.yaml,685,0.00,.yaml
ESP/cv.data,2353,0.00,.data
ESP/fold_5/final/config.yaml,740,0.00,.yaml
ESP/fold_5/final/cv.data,2353,0.00,.data
ESP/fold_5/final/metric.result,175,0.00,.result
ESP/fold_5/final/model_0.pth,189396524,180.62,.pth
ESP/fold_5/final/model_1.pth,189396524,180.62,.pth
ESP/fold_5/final/model_2.pth,189396524,180.62,.pth
ESP/fold_5/final/target_scaler.ss,857,0.00,.ss
ESP/fold_5/final/test_esp_set_new.sdf,54290,0.05,.sdf
ESP/fold_5/final/train_esp_set_new.sdf,210756,0.20,.sdf
ESP/fold_5/pretrain/config.yaml,684,0.00,.yaml
ESP/fold_5/pretrain/cv.data,2353,0.00,.data
ESP/fold_5/pretrain/metric.result,175,0.00,.result
ESP/fold_5/pretrain/model_0.pth,189396524,180.62,.pth
ESP/fold_5/pretrain/model_1.pth,189396524,180.62,.pth
ESP/fold_5/pretrain/model_2.pth,189396524,180.62,.pth
ESP/fold_5/pretrain/model_3.pth,189396524,180.62,.pth
ESP/fold_5/pretrain/model_4.pth,189396524,180.62,.pth
ESP/fold_5/pretrain/target_scaler.ss,857,0.00,.ss
ESP/fold_5/pretrain/test_esp_set_new.sdf,54290,0.05,.sdf
ESP/fold_5/pretrain/train_esp_set_new.sdf,210756,0.20,.sdf
ESP/metric.result,175,0.00,.result
ESP/model_0.pth,189396524,180.62,.pth
ESP/model_1.pth,189396524,180.62,.pth
ESP/model_2.pth,189396524,180.62,.pth
ESP/model_3.pth,189396524,180.62,.pth
ESP/model_4.pth,189396524,180.62,.pth
ESP/single target/espmax/final/config.yaml,670,0.00,.yaml
ESP/single target/espmax/final/cv.data,2433,0.00,.data
ESP/single target/espmax/final/final_cleaned_data.sdf,129675061,123.67,.sdf
ESP/single target/espmax/final/high_dn_molecules.sdf,6000678,5.72,.sdf
ESP/single target/espmax/final/metric.result,236,0.00,.result
ESP/single target/espmax/final/model_0.pth,189394476,180.62,.pth
ESP/single target/espmax/final/model_1.pth,189394476,180.62,.pth
ESP/single target/espmax/final/model_2.pth,189394476,180.62,.pth
ESP/single target/espmax/final/model_3.pth,189394476,180.62,.pth
ESP/single target/espmax/final/model_4.pth,189394476,180.62,.pth
ESP/single target/espmax/final/smiles_only_file_cleaned.sdf,62259845,59.38,.sdf
ESP/single target/espmax/final/target_scaler.ss,623,0.00,.ss
ESP/single target/espmax/final/test_esp_set_ESPmax.sdf,139297,0.13,.sdf
ESP/single target/espmax/final/test_esp_set_new_ESPmax.sdf,53045,0.05,.sdf
ESP/single target/espmax/final/train_esp_set_ESPmax.sdf,530361,0.51,.sdf
ESP/single target/espmax/final/train_esp_set_new_ESPmax.sdf,205827,0.20,.sdf
ESP/single target/espmax/pretrain/config.yaml,665,0.00,.yaml
ESP/single target/espmax/pretrain/cv.data,2433,0.00,.data
ESP/single target/espmax/pretrain/metric.result,236,0.00,.result
ESP/single target/espmax/pretrain/model_0.pth,189394476,180.62,.pth
ESP/single target/espmax/pretrain/model_1.pth,189394476,180.62,.pth
ESP/single target/espmax/pretrain/model_2.pth,189394476,180.62,.pth
ESP/single target/espmax/pretrain/model_3.pth,189394476,180.62,.pth
ESP/single target/espmax/pretrain/model_4.pth,189394476,180.62,.pth
ESP/single target/espmax/pretrain/target_scaler.ss,623,0.00,.ss
ESP/single target/espmax/pretrain/test_esp_set_new_ESPmax.sdf,53045,0.05,.sdf
ESP/single target/espmax/pretrain/train_esp_set_ESPmax.sdf,530361,0.51,.sdf
ESP/single target/espmax/pretrain/train_esp_set_new_ESPmax.sdf,205827,0.20,.sdf
ESP/single target/espmin/final/config.yaml,735,0.00,.yaml
ESP/single target/espmin/final/cv.data,2433,0.00,.data
ESP/single target/espmin/final/final_cleaned_data.sdf,129675061,123.67,.sdf
ESP/single target/espmin/final/high_dn_molecules.sdf,6000678,5.72,.sdf
ESP/single target/espmin/final/metric.result,236,0.00,.result
ESP/single target/espmin/final/model_0.pth,189394476,180.62,.pth
ESP/single target/espmin/final/model_1.pth,189394476,180.62,.pth
ESP/single target/espmin/final/model_2.pth,189394476,180.62,.pth
ESP/single target/espmin/final/model_3.pth,189394476,180.62,.pth
ESP/single target/espmin/final/model_4.pth,189394476,180.62,.pth
ESP/single target/espmin/final/smiles_only_file_cleaned.sdf,62259845,59.38,.sdf
ESP/single target/espmin/final/target_scaler.ss,623,0.00,.ss
ESP/single target/espmin/final/test_esp_set_ESPmin.sdf,140178,0.13,.sdf
ESP/single target/espmin/final/test_esp_set_new_ESPmin.sdf,53078,0.05,.sdf
ESP/single target/espmin/final/train_esp_set_ESPmin.sdf,530627,0.51,.sdf
ESP/single target/espmin/final/train_esp_set_new_ESPmin.sdf,205958,0.20,.sdf
ESP/single target/espmin/pretrain/config.yaml,665,0.00,.yaml
ESP/single target/espmin/pretrain/cv.data,2433,0.00,.data
ESP/single target/espmin/pretrain/metric.result,236,0.00,.result
ESP/single target/espmin/pretrain/model_0.pth,189394476,180.62,.pth
ESP/single target/espmin/pretrain/model_1.pth,189394476,180.62,.pth
ESP/single target/espmin/pretrain/model_2.pth,189394476,180.62,.pth
ESP/single target/espmin/pretrain/model_3.pth,189394476,180.62,.pth
ESP/single target/espmin/pretrain/model_4.pth,189394476,180.62,.pth
ESP/single target/espmin/pretrain/target_scaler.ss,623,0.00,.ss
ESP/single target/espmin/pretrain/test_esp_set_new_ESPmin.sdf,53078,0.05,.sdf
ESP/single target/espmin/pretrain/train_esp_set_ESPmin.sdf,530627,0.51,.sdf
ESP/single target/espmin/pretrain/train_esp_set_new_ESPmin.sdf,205958,0.20,.sdf
ESP/target_scaler.ss,857,0.00,.ss
ESP/test_esp_set.sdf,55940,0.05,.sdf
ESP/train_esp_set.sdf,217183,0.21,.sdf
Oxidation Potential/after_esp_smiles.sdf,116368090,110.98,.sdf
Oxidation Potential/batch_0.sdf,3750689,3.58,.sdf
Oxidation Potential/batch_1.sdf,3765748,3.59,.sdf
Oxidation Potential/batch_10.sdf,3716868,3.54,.sdf
Oxidation Potential/batch_100.sdf,3685811,3.52,.sdf
Oxidation Potential/batch_1000.sdf,3815073,3.64,.sdf
Oxidation Potential/batch_1001.sdf,3816073,3.64,.sdf
Oxidation Potential/batch_1002.sdf,3814778,3.64,.sdf
Oxidation Potential/batch_1003.sdf,3763295,3.59,.sdf
Oxidation Potential/batch_1004.sdf,3747474,3.57,.sdf
Oxidation Potential/batch_1005.sdf,3755273,3.58,.sdf
Oxidation Potential/batch_1006.sdf,3822991,3.65,.sdf
Oxidation Potential/batch_1007.sdf,3725523,3.55,.sdf
Oxidation Potential/batch_1008.sdf,3760968,3.59,.sdf
Oxidation Potential/batch_1009.sdf,3789522,3.61,.sdf
Oxidation Potential/batch_101.sdf,3758123,3.58,.sdf
Oxidation Potential/batch_1010.sdf,3773385,3.60,.sdf
Oxidation Potential/batch_1011.sdf,3798984,3.62,.sdf
Oxidation Potential/batch_1012.sdf,3791289,3.62,.sdf
Oxidation Potential/batch_1013.sdf,3783083,3.61,.sdf
Oxidation Potential/batch_1014.sdf,3739356,3.57,.sdf
Oxidation Potential/batch_1015.sdf,3783954,3.61,.sdf
Oxidation Potential/batch_1016.sdf,3826358,3.65,.sdf
Oxidation Potential/batch_1017.sdf,3710397,3.54,.sdf
Oxidation Potential/batch_1018.sdf,3780038,3.60,.sdf
Oxidation Potential/batch_1019.sdf,3764229,3.59,.sdf
Oxidation Potential/batch_102.sdf,3732738,3.56,.sdf
Oxidation Potential/batch_1020.sdf,3758999,3.58,.sdf
Oxidation Potential/batch_1021.sdf,3770210,3.60,.sdf
Oxidation Potential/batch_1022.sdf,3781082,3.61,.sdf
Oxidation Potential/batch_1023.sdf,3711274,3.54,.sdf
Oxidation Potential/batch_1024.sdf,3736001,3.56,.sdf
Oxidation Potential/batch_1025.sdf,3749816,3.58,.sdf
Oxidation Potential/batch_1026.sdf,3804907,3.63,.sdf
Oxidation Potential/batch_1027.sdf,3704733,3.53,.sdf
Oxidation Potential/batch_1028.sdf,3705349,3.53,.sdf
Oxidation Potential/batch_1029.sdf,3791748,3.62,.sdf
Oxidation Potential/batch_103.sdf,3721935,3.55,.sdf
Oxidation Potential/batch_1030.sdf,3703647,3.53,.sdf
Oxidation Potential/batch_1031.sdf,483154,0.46,.sdf
Oxidation Potential/batch_104.sdf,3811126,3.63,.sdf
Oxidation Potential/batch_105.sdf,3760374,3.59,.sdf
Oxidation Potential/batch_107.sdf,3735301,3.56,.sdf
Oxidation Potential/batch_108.sdf,3743130,3.57,.sdf
Oxidation Potential/batch_109.sdf,3822922,3.65,.sdf
Oxidation Potential/batch_11.sdf,3790403,3.61,.sdf
Oxidation Potential/batch_110.sdf,3731117,3.56,.sdf
Oxidation Potential/batch_111.sdf,3833300,3.66,.sdf
Oxidation Potential/batch_112.sdf,3727731,3.56,.sdf
Oxidation Potential/batch_113.sdf,3665845,3.50,.sdf
Oxidation Potential/batch_114.sdf,3728957,3.56,.sdf
Oxidation Potential/batch_115.sdf,3790245,3.61,.sdf
Oxidation Potential/batch_116.sdf,3707272,3.54,.sdf
Oxidation Potential/batch_117.sdf,3817216,3.64,.sdf
Oxidation Potential/batch_118.sdf,3704237,3.53,.sdf
Oxidation Potential/batch_119.sdf,3830568,3.65,.sdf
Oxidation Potential/batch_12.sdf,3794637,3.62,.sdf
Oxidation Potential/batch_120.sdf,3740995,3.57,.sdf
Oxidation Potential/batch_121.sdf,3761185,3.59,.sdf
Oxidation Potential/batch_122.sdf,3763244,3.59,.sdf
Oxidation Potential/batch_123.sdf,3792424,3.62,.sdf
Oxidation Potential/batch_124.sdf,3806267,3.63,.sdf
Oxidation Potential/batch_125.sdf,3767792,3.59,.sdf
Oxidation Potential/batch_126.sdf,3722667,3.55,.sdf
Oxidation Potential/batch_127.sdf,3726368,3.55,.sdf
Oxidation Potential/batch_128.sdf,3809999,3.63,.sdf
Oxidation Potential/batch_129.sdf,3690613,3.52,.sdf
Oxidation Potential/batch_13.sdf,3836107,3.66,.sdf
Oxidation Potential/batch_130.sdf,3723762,3.55,.sdf
Oxidation Potential/batch_131.sdf,3712451,3.54,.sdf
Oxidation Potential/batch_132.sdf,3815207,3.64,.sdf
Oxidation Potential/batch_133.sdf,3737848,3.56,.sdf
Oxidation Potential/batch_134.sdf,3691800,3.52,.sdf
Oxidation Potential/batch_135.sdf,3752006,3.58,.sdf
Oxidation Potential/batch_136.sdf,3686914,3.52,.sdf
Oxidation Potential/batch_137.sdf,3731017,3.56,.sdf
Oxidation Potential/batch_138.sdf,3744983,3.57,.sdf
Oxidation Potential/batch_139.sdf,3718547,3.55,.sdf
Oxidation Potential/batch_14.sdf,3801301,3.63,.sdf
Oxidation Potential/batch_140.sdf,3715854,3.54,.sdf
Oxidation Potential/batch_141.sdf,3708712,3.54,.sdf
Oxidation Potential/batch_142.sdf,3805135,3.63,.sdf
Oxidation Potential/batch_143.sdf,3771973,3.60,.sdf
Oxidation Potential/batch_144.sdf,3768693,3.59,.sdf
Oxidation Potential/batch_145.sdf,3819129,3.64,.sdf
Oxidation Potential/batch_146.sdf,3796634,3.62,.sdf
Oxidation Potential/batch_147.sdf,3737487,3.56,.sdf
Oxidation Potential/batch_148.sdf,3706253,3.53,.sdf
Oxidation Potential/batch_149.sdf,3777504,3.60,.sdf
Oxidation Potential/batch_15.sdf,3716578,3.54,.sdf
Oxidation Potential/batch_150.sdf,3718775,3.55,.sdf
Oxidation Potential/batch_151.sdf,3753044,3.58,.sdf
Oxidation Potential/batch_152.sdf,3757214,3.58,.sdf
Oxidation Potential/batch_153.sdf,3678219,3.51,.sdf
Oxidation Potential/batch_154.sdf,3709072,3.54,.sdf
Oxidation Potential/batch_155.sdf,3707834,3.54,.sdf
Oxidation Potential/batch_156.sdf,3789887,3.61,.sdf
Oxidation Potential/batch_157.sdf,3733875,3.56,.sdf
Oxidation Potential/batch_159.sdf,3712568,3.54,.sdf
Oxidation Potential/batch_16.sdf,3776542,3.60,.sdf
Oxidation Potential/batch_160.sdf,3766511,3.59,.sdf
Oxidation Potential/batch_161.sdf,3733508,3.56,.sdf
Oxidation Potential/batch_162.sdf,3753672,3.58,.sdf
Oxidation Potential/batch_163.sdf,3730146,3.56,.sdf
Oxidation Potential/batch_164.sdf,3744102,3.57,.sdf
Oxidation Potential/batch_165.sdf,3702596,3.53,.sdf
Oxidation Potential/batch_166.sdf,3788549,3.61,.sdf
Oxidation Potential/batch_167.sdf,3824982,3.65,.sdf
Oxidation Potential/batch_168.sdf,3755074,3.58,.sdf
Oxidation Potential/batch_169.sdf,3794604,3.62,.sdf
Oxidation Potential/batch_17.sdf,3743259,3.57,.sdf
Oxidation Potential/batch_170.sdf,3776868,3.60,.sdf
Oxidation Potential/batch_171.sdf,3723441,3.55,.sdf
Oxidation Potential/batch_172.sdf,3797978,3.62,.sdf
Oxidation Potential/batch_173.sdf,3762517,3.59,.sdf
Oxidation Potential/batch_174.sdf,3791653,3.62,.sdf
Oxidation Potential/batch_175.sdf,3720100,3.55,.sdf
Oxidation Potential/batch_176.sdf,3771495,3.60,.sdf
Oxidation Potential/batch_177.sdf,3758336,3.58,.sdf
Oxidation Potential/batch_178.sdf,3745840,3.57,.sdf
Oxidation Potential/batch_179.sdf,3755646,3.58,.sdf
Oxidation Potential/batch_18.sdf,3829484,3.65,.sdf
Oxidation Potential/batch_180.sdf,3734674,3.56,.sdf
Oxidation Potential/batch_181.sdf,3778225,3.60,.sdf
Oxidation Potential/batch_182.sdf,3782094,3.61,.sdf
Oxidation Potential/batch_183.sdf,3789246,3.61,.sdf
Oxidation Potential/batch_184.sdf,3734247,3.56,.sdf
Oxidation Potential/batch_185.sdf,3755062,3.58,.sdf
Oxidation Potential/batch_186.sdf,3822692,3.65,.sdf
Oxidation Potential/batch_187.sdf,3761471,3.59,.sdf
Oxidation Potential/batch_188.sdf,3773015,3.60,.sdf
Oxidation Potential/batch_189.sdf,3785201,3.61,.sdf
Oxidation Potential/batch_19.sdf,3754446,3.58,.sdf
Oxidation Potential/batch_190.sdf,3812696,3.64,.sdf
Oxidation Potential/batch_191.sdf,3763476,3.59,.sdf
Oxidation Potential/batch_192.sdf,3760712,3.59,.sdf
Oxidation Potential/batch_193.sdf,3802639,3.63,.sdf
Oxidation Potential/batch_194.sdf,3722875,3.55,.sdf
Oxidation Potential/batch_195.sdf,3757775,3.58,.sdf
Oxidation Potential/batch_196.sdf,3748851,3.58,.sdf
Oxidation Potential/batch_197.sdf,3834426,3.66,.sdf
Oxidation Potential/batch_198.sdf,3732907,3.56,.sdf
Oxidation Potential/batch_199.sdf,3710175,3.54,.sdf
Oxidation Potential/batch_2.sdf,3771384,3.60,.sdf
Oxidation Potential/batch_20.sdf,3755202,3.58,.sdf
Oxidation Potential/batch_200.sdf,3810886,3.63,.sdf
Oxidation Potential/batch_201.sdf,3794512,3.62,.sdf
Oxidation Potential/batch_202.sdf,3709333,3.54,.sdf
Oxidation Potential/batch_203.sdf,3688162,3.52,.sdf
Oxidation Potential/batch_204.sdf,3753372,3.58,.sdf
Oxidation Potential/batch_205.sdf,3721163,3.55,.sdf
Oxidation Potential/batch_206.sdf,3751087,3.58,.sdf
Oxidation Potential/batch_207.sdf,3768331,3.59,.sdf
Oxidation Potential/batch_208.sdf,3747678,3.57,.sdf
Oxidation Potential/batch_209.sdf,3776118,3.60,.sdf
Oxidation Potential/batch_21.sdf,3738078,3.56,.sdf
Oxidation Potential/batch_210.sdf,3761807,3.59,.sdf
Oxidation Potential/batch_211.sdf,3739961,3.57,.sdf
Oxidation Potential/batch_212.sdf,3722713,3.55,.sdf
Oxidation Potential/batch_213.sdf,3747884,3.57,.sdf
Oxidation Potential/batch_214.sdf,3809249,3.63,.sdf
Oxidation Potential/batch_215.sdf,3696885,3.53,.sdf
Oxidation Potential/batch_216.sdf,3734682,3.56,.sdf
Oxidation Potential/batch_217.sdf,3744563,3.57,.sdf
Oxidation Potential/batch_218.sdf,3794339,3.62,.sdf
Oxidation Potential/batch_219.sdf,3804458,3.63,.sdf
Oxidation Potential/batch_22.sdf,3725875,3.55,.sdf
Oxidation Potential/batch_220.sdf,3795213,3.62,.sdf
Oxidation Potential/batch_221.sdf,3728171,3.56,.sdf
Oxidation Potential/batch_222.sdf,3722024,3.55,.sdf
Oxidation Potential/batch_223.sdf,3780003,3.60,.sdf
Oxidation Potential/batch_224.sdf,3806623,3.63,.sdf
Oxidation Potential/batch_225.sdf,3736644,3.56,.sdf
Oxidation Potential/batch_226.sdf,3773104,3.60,.sdf
Oxidation Potential/batch_227.sdf,3744257,3.57,.sdf
Oxidation Potential/batch_228.sdf,3747723,3.57,.sdf
Oxidation Potential/batch_229.sdf,3681408,3.51,.sdf
Oxidation Potential/batch_23.sdf,3732989,3.56,.sdf
Oxidation Potential/batch_230.sdf,3732609,3.56,.sdf
Oxidation Potential/batch_231.sdf,3761842,3.59,.sdf
Oxidation Potential/batch_232.sdf,3716219,3.54,.sdf
Oxidation Potential/batch_233.sdf,3660483,3.49,.sdf
Oxidation Potential/batch_234.sdf,3764741,3.59,.sdf
Oxidation Potential/batch_235.sdf,3761340,3.59,.sdf
Oxidation Potential/batch_236.sdf,3744631,3.57,.sdf
Oxidation Potential/batch_237.sdf,3739538,3.57,.sdf
Oxidation Potential/batch_238.sdf,3664680,3.49,.sdf
Oxidation Potential/batch_239.sdf,3754981,3.58,.sdf
Oxidation Potential/batch_24.sdf,3700063,3.53,.sdf
Oxidation Potential/batch_240.sdf,3808272,3.63,.sdf
Oxidation Potential/batch_241.sdf,3824795,3.65,.sdf
Oxidation Potential/batch_242.sdf,3724381,3.55,.sdf
Oxidation Potential/batch_243.sdf,3786740,3.61,.sdf
Oxidation Potential/batch_244.sdf,3710058,3.54,.sdf
Oxidation Potential/batch_245.sdf,3774197,3.60,.sdf
Oxidation Potential/batch_246.sdf,3768086,3.59,.sdf
Oxidation Potential/batch_247.sdf,3808539,3.63,.sdf
Oxidation Potential/batch_248.sdf,3736266,3.56,.sdf
Oxidation Potential/batch_249.sdf,3832412,3.65,.sdf
Oxidation Potential/batch_25.sdf,3767973,3.59,.sdf
Oxidation Potential/batch_250.sdf,3762051,3.59,.sdf
Oxidation Potential/batch_251.sdf,3743220,3.57,.sdf
Oxidation Potential/batch_252.sdf,3727664,3.55,.sdf
Oxidation Potential/batch_253.sdf,3778071,3.60,.sdf
Oxidation Potential/batch_254.sdf,3812709,3.64,.sdf
Oxidation Potential/batch_255.sdf,3706555,3.53,.sdf
Oxidation Potential/batch_256.sdf,3772292,3.60,.sdf
Oxidation Potential/batch_257.sdf,3748160,3.57,.sdf
Oxidation Potential/batch_258.sdf,3714257,3.54,.sdf
Oxidation Potential/batch_259.sdf,3687613,3.52,.sdf
Oxidation Potential/batch_26.sdf,3792871,3.62,.sdf
Oxidation Potential/batch_260.sdf,3703959,3.53,.sdf
Oxidation Potential/batch_261.sdf,3771143,3.60,.sdf
Oxidation Potential/batch_262.sdf,3743997,3.57,.sdf
Oxidation Potential/batch_263.sdf,3744869,3.57,.sdf
Oxidation Potential/batch_264.sdf,3789804,3.61,.sdf
Oxidation Potential/batch_265.sdf,3756733,3.58,.sdf
Oxidation Potential/batch_266.sdf,3781279,3.61,.sdf
Oxidation Potential/batch_267.sdf,3787862,3.61,.sdf
Oxidation Potential/batch_268.sdf,3790417,3.61,.sdf
Oxidation Potential/batch_269.sdf,3762838,3.59,.sdf
Oxidation Potential/batch_27.sdf,3830510,3.65,.sdf
Oxidation Potential/batch_270.sdf,3812145,3.64,.sdf
Oxidation Potential/batch_271.sdf,3774513,3.60,.sdf
Oxidation Potential/batch_272.sdf,3774496,3.60,.sdf
Oxidation Potential/batch_273.sdf,3725795,3.55,.sdf
Oxidation Potential/batch_274.sdf,3718974,3.55,.sdf
Oxidation Potential/batch_275.sdf,3786296,3.61,.sdf
Oxidation Potential/batch_276.sdf,3718687,3.55,.sdf
Oxidation Potential/batch_277.sdf,3728142,3.56,.sdf
Oxidation Potential/batch_278.sdf,3712316,3.54,.sdf
Oxidation Potential/batch_279.sdf,3741206,3.57,.sdf
Oxidation Potential/batch_28.sdf,3746357,3.57,.sdf
Oxidation Potential/batch_280.sdf,3695495,3.52,.sdf
Oxidation Potential/batch_281.sdf,3748411,3.57,.sdf
Oxidation Potential/batch_282.sdf,3756365,3.58,.sdf
Oxidation Potential/batch_283.sdf,3770299,3.60,.sdf
Oxidation Potential/batch_284.sdf,3754389,3.58,.sdf
Oxidation Potential/batch_285.sdf,3741166,3.57,.sdf
Oxidation Potential/batch_286.sdf,3773964,3.60,.sdf
Oxidation Potential/batch_287.sdf,3773169,3.60,.sdf
Oxidation Potential/batch_288.sdf,3793566,3.62,.sdf
Oxidation Potential/batch_289.sdf,3739249,3.57,.sdf
Oxidation Potential/batch_29.sdf,3783707,3.61,.sdf
Oxidation Potential/batch_290.sdf,3734512,3.56,.sdf
Oxidation Potential/batch_291.sdf,3780984,3.61,.sdf
Oxidation Potential/batch_292.sdf,3771887,3.60,.sdf
Oxidation Potential/batch_293.sdf,3754615,3.58,.sdf
Oxidation Potential/batch_294.sdf,3694235,3.52,.sdf
Oxidation Potential/batch_295.sdf,3739247,3.57,.sdf
Oxidation Potential/batch_296.sdf,3779079,3.60,.sdf
Oxidation Potential/batch_297.sdf,3801419,3.63,.sdf
Oxidation Potential/batch_298.sdf,3725573,3.55,.sdf
Oxidation Potential/batch_299.sdf,3722225,3.55,.sdf
Oxidation Potential/batch_3.sdf,3796282,3.62,.sdf
Oxidation Potential/batch_30.sdf,3687981,3.52,.sdf
Oxidation Potential/batch_300.sdf,3780422,3.61,.sdf
Oxidation Potential/batch_301.sdf,3742528,3.57,.sdf
Oxidation Potential/batch_302.sdf,3739799,3.57,.sdf
Oxidation Potential/batch_303.sdf,3822120,3.65,.sdf
Oxidation Potential/batch_304.sdf,3771534,3.60,.sdf
Oxidation Potential/batch_305.sdf,3777395,3.60,.sdf
Oxidation Potential/batch_306.sdf,3726122,3.55,.sdf
Oxidation Potential/batch_307.sdf,3752896,3.58,.sdf
Oxidation Potential/batch_308.sdf,3718435,3.55,.sdf
Oxidation Potential/batch_309.sdf,3725406,3.55,.sdf
Oxidation Potential/batch_31.sdf,3807673,3.63,.sdf
Oxidation Potential/batch_310.sdf,3763387,3.59,.sdf
Oxidation Potential/batch_311.sdf,3751675,3.58,.sdf
Oxidation Potential/batch_312.sdf,3746271,3.57,.sdf
Oxidation Potential/batch_313.sdf,3785992,3.61,.sdf
Oxidation Potential/batch_314.sdf,3691318,3.52,.sdf
Oxidation Potential/batch_315.sdf,3795128,3.62,.sdf
Oxidation Potential/batch_317.sdf,3746748,3.57,.sdf
Oxidation Potential/batch_318.sdf,3757452,3.58,.sdf
Oxidation Potential/batch_319.sdf,3698668,3.53,.sdf
Oxidation Potential/batch_32.sdf,3695554,3.52,.sdf
Oxidation Potential/batch_320.sdf,3765164,3.59,.sdf
Oxidation Potential/batch_321.sdf,3674860,3.50,.sdf
Oxidation Potential/batch_322.sdf,3746408,3.57,.sdf
Oxidation Potential/batch_323.sdf,3732964,3.56,.sdf
Oxidation Potential/batch_324.sdf,3778392,3.60,.sdf
Oxidation Potential/batch_325.sdf,3783910,3.61,.sdf
Oxidation Potential/batch_326.sdf,3756233,3.58,.sdf
Oxidation Potential/batch_327.sdf,3776900,3.60,.sdf
Oxidation Potential/batch_328.sdf,3753988,3.58,.sdf
Oxidation Potential/batch_329.sdf,3754779,3.58,.sdf
Oxidation Potential/batch_33.sdf,3769624,3.59,.sdf
Oxidation Potential/batch_330.sdf,3669257,3.50,.sdf
Oxidation Potential/batch_331.sdf,3756419,3.58,.sdf
Oxidation Potential/batch_332.sdf,3765765,3.59,.sdf
Oxidation Potential/batch_333.sdf,3767675,3.59,.sdf
Oxidation Potential/batch_334.sdf,3701400,3.53,.sdf
Oxidation Potential/batch_335.sdf,3744681,3.57,.sdf
Oxidation Potential/batch_336.sdf,3704606,3.53,.sdf
Oxidation Potential/batch_337.sdf,3767166,3.59,.sdf
Oxidation Potential/batch_338.sdf,3727394,3.55,.sdf
Oxidation Potential/batch_339.sdf,3750560,3.58,.sdf
Oxidation Potential/batch_34.sdf,3678519,3.51,.sdf
Oxidation Potential/batch_340.sdf,3719039,3.55,.sdf
Oxidation Potential/batch_341.sdf,3734410,3.56,.sdf
Oxidation Potential/batch_342.sdf,3781587,3.61,.sdf
Oxidation Potential/batch_343.sdf,3767173,3.59,.sdf
Oxidation Potential/batch_344.sdf,3771910,3.60,.sdf
Oxidation Potential/batch_345.sdf,3709774,3.54,.sdf
Oxidation Potential/batch_346.sdf,3779586,3.60,.sdf
Oxidation Potential/batch_347.sdf,3749350,3.58,.sdf
Oxidation Potential/batch_348.sdf,3718753,3.55,.sdf
Oxidation Potential/batch_349.sdf,3682195,3.51,.sdf
Oxidation Potential/batch_35.sdf,3753253,3.58,.sdf
Oxidation Potential/batch_350.sdf,3744314,3.57,.sdf
Oxidation Potential/batch_351.sdf,3760597,3.59,.sdf
Oxidation Potential/batch_352.sdf,3825616,3.65,.sdf
Oxidation Potential/batch_354.sdf,3744680,3.57,.sdf
Oxidation Potential/batch_355.sdf,3808828,3.63,.sdf
Oxidation Potential/batch_356.sdf,3790453,3.61,.sdf
Oxidation Potential/batch_357.sdf,3717855,3.55,.sdf
Oxidation Potential/batch_358.sdf,3798248,3.62,.sdf
Oxidation Potential/batch_359.sdf,3707627,3.54,.sdf
Oxidation Potential/batch_36.sdf,3769476,3.59,.sdf
Oxidation Potential/batch_360.sdf,3770196,3.60,.sdf
Oxidation Potential/batch_361.sdf,3737241,3.56,.sdf
Oxidation Potential/batch_362.sdf,3706135,3.53,.sdf
Oxidation Potential/batch_363.sdf,3734226,3.56,.sdf
Oxidation Potential/batch_364.sdf,3763450,3.59,.sdf
Oxidation Potential/batch_365.sdf,3713209,3.54,.sdf
Oxidation Potential/batch_366.sdf,3705470,3.53,.sdf
Oxidation Potential/batch_367.sdf,3762567,3.59,.sdf
Oxidation Potential/batch_368.sdf,3671187,3.50,.sdf
Oxidation Potential/batch_369.sdf,3721865,3.55,.sdf
Oxidation Potential/batch_37.sdf,3745242,3.57,.sdf
Oxidation Potential/batch_370.sdf,3649898,3.48,.sdf
Oxidation Potential/batch_371.sdf,3847763,3.67,.sdf
Oxidation Potential/batch_372.sdf,3745463,3.57,.sdf
Oxidation Potential/batch_373.sdf,3737603,3.56,.sdf
Oxidation Potential/batch_374.sdf,3759926,3.59,.sdf
Oxidation Potential/batch_375.sdf,3796951,3.62,.sdf
Oxidation Potential/batch_376.sdf,3654600,3.49,.sdf
Oxidation Potential/batch_377.sdf,3792720,3.62,.sdf
Oxidation Potential/batch_378.sdf,3766329,3.59,.sdf
Oxidation Potential/batch_379.sdf,3865082,3.69,.sdf
Oxidation Potential/batch_38.sdf,3810655,3.63,.sdf
Oxidation Potential/batch_380.sdf,3785809,3.61,.sdf
Oxidation Potential/batch_381.sdf,3737180,3.56,.sdf
Oxidation Potential/batch_382.sdf,3705287,3.53,.sdf
Oxidation Potential/batch_383.sdf,3832187,3.65,.sdf
Oxidation Potential/batch_384.sdf,3759017,3.58,.sdf
Oxidation Potential/batch_385.sdf,3730255,3.56,.sdf
Oxidation Potential/batch_386.sdf,3710614,3.54,.sdf
Oxidation Potential/batch_387.sdf,3784419,3.61,.sdf
Oxidation Potential/batch_388.sdf,3817798,3.64,.sdf
Oxidation Potential/batch_389.sdf,3682032,3.51,.sdf
Oxidation Potential/batch_39.sdf,3697517,3.53,.sdf
Oxidation Potential/batch_390.sdf,3784947,3.61,.sdf
Oxidation Potential/batch_391.sdf,3677345,3.51,.sdf
Oxidation Potential/batch_392.sdf,3724473,3.55,.sdf
Oxidation Potential/batch_393.sdf,3704363,3.53,.sdf
Oxidation Potential/batch_394.sdf,3699257,3.53,.sdf
Oxidation Potential/batch_395.sdf,3726849,3.55,.sdf
Oxidation Potential/batch_396.sdf,3799931,3.62,.sdf
Oxidation Potential/batch_397.sdf,3764250,3.59,.sdf
Oxidation Potential/batch_398.sdf,3801089,3.63,.sdf
Oxidation Potential/batch_399.sdf,3788595,3.61,.sdf
Oxidation Potential/batch_4.sdf,3724943,3.55,.sdf
Oxidation Potential/batch_40.sdf,3741546,3.57,.sdf
Oxidation Potential/batch_400.sdf,3750742,3.58,.sdf
Oxidation Potential/batch_401.sdf,3781331,3.61,.sdf
Oxidation Potential/batch_402.sdf,3845798,3.67,.sdf
Oxidation Potential/batch_403.sdf,3789256,3.61,.sdf
Oxidation Potential/batch_404.sdf,3769590,3.59,.sdf
Oxidation Potential/batch_405.sdf,3755465,3.58,.sdf
Oxidation Potential/batch_406.sdf,3826550,3.65,.sdf
Oxidation Potential/batch_407.sdf,3724895,3.55,.sdf
Oxidation Potential/batch_408.sdf,3798955,3.62,.sdf
Oxidation Potential/batch_409.sdf,3727215,3.55,.sdf
Oxidation Potential/batch_41.sdf,3696475,3.53,.sdf
Oxidation Potential/batch_410.sdf,3760843,3.59,.sdf
Oxidation Potential/batch_411.sdf,3803286,3.63,.sdf
Oxidation Potential/batch_412.sdf,3730058,3.56,.sdf
Oxidation Potential/batch_413.sdf,3739624,3.57,.sdf
Oxidation Potential/batch_414.sdf,3761627,3.59,.sdf
Oxidation Potential/batch_415.sdf,3789021,3.61,.sdf
Oxidation Potential/batch_416.sdf,3766701,3.59,.sdf
Oxidation Potential/batch_417.sdf,3761215,3.59,.sdf
Oxidation Potential/batch_418.sdf,3797001,3.62,.sdf
Oxidation Potential/batch_419.sdf,3766368,3.59,.sdf
Oxidation Potential/batch_42.sdf,3776345,3.60,.sdf
Oxidation Potential/batch_420.sdf,3786931,3.61,.sdf
Oxidation Potential/batch_421.sdf,3771643,3.60,.sdf
Oxidation Potential/batch_422.sdf,3757795,3.58,.sdf
Oxidation Potential/batch_423.sdf,3762780,3.59,.sdf
Oxidation Potential/batch_424.sdf,3754555,3.58,.sdf
Oxidation Potential/batch_425.sdf,3772189,3.60,.sdf
Oxidation Potential/batch_426.sdf,3777671,3.60,.sdf
Oxidation Potential/batch_427.sdf,3740320,3.57,.sdf
Oxidation Potential/batch_428.sdf,3789499,3.61,.sdf
Oxidation Potential/batch_429.sdf,3764259,3.59,.sdf
Oxidation Potential/batch_43.sdf,3734095,3.56,.sdf
Oxidation Potential/batch_430.sdf,3746175,3.57,.sdf
Oxidation Potential/batch_431.sdf,3759062,3.58,.sdf
Oxidation Potential/batch_432.sdf,3681978,3.51,.sdf
Oxidation Potential/batch_433.sdf,3742953,3.57,.sdf
Oxidation Potential/batch_434.sdf,3749642,3.58,.sdf
Oxidation Potential/batch_435.sdf,3776522,3.60,.sdf
Oxidation Potential/batch_436.sdf,3731273,3.56,.sdf
Oxidation Potential/batch_437.sdf,3770398,3.60,.sdf
Oxidation Potential/batch_438.sdf,3735208,3.56,.sdf
Oxidation Potential/batch_439.sdf,3746975,3.57,.sdf
Oxidation Potential/batch_44.sdf,3807291,3.63,.sdf
Oxidation Potential/batch_440.sdf,3774656,3.60,.sdf
Oxidation Potential/batch_441.sdf,3733386,3.56,.sdf
Oxidation Potential/batch_442.sdf,3720386,3.55,.sdf
Oxidation Potential/batch_443.sdf,3712173,3.54,.sdf
Oxidation Potential/batch_444.sdf,3791833,3.62,.sdf
Oxidation Potential/batch_445.sdf,3804277,3.63,.sdf
Oxidation Potential/batch_446.sdf,3713926,3.54,.sdf
Oxidation Potential/batch_447.sdf,3706998,3.54,.sdf
Oxidation Potential/batch_448.sdf,3775995,3.60,.sdf
Oxidation Potential/batch_449.sdf,3779666,3.60,.sdf
Oxidation Potential/batch_45.sdf,3759273,3.59,.sdf
Oxidation Potential/batch_450.sdf,3698835,3.53,.sdf
Oxidation Potential/batch_451.sdf,3750173,3.58,.sdf
Oxidation Potential/batch_452.sdf,3754866,3.58,.sdf
Oxidation Potential/batch_453.sdf,3716300,3.54,.sdf
Oxidation Potential/batch_454.sdf,3798342,3.62,.sdf
Oxidation Potential/batch_455.sdf,3808571,3.63,.sdf
Oxidation Potential/batch_456.sdf,3676395,3.51,.sdf
Oxidation Potential/batch_457.sdf,3772642,3.60,.sdf
Oxidation Potential/batch_458.sdf,3726718,3.55,.sdf
Oxidation Potential/batch_459.sdf,3708518,3.54,.sdf
Oxidation Potential/batch_46.sdf,3780834,3.61,.sdf
Oxidation Potential/batch_460.sdf,3734014,3.56,.sdf
Oxidation Potential/batch_461.sdf,3759862,3.59,.sdf
Oxidation Potential/batch_462.sdf,3743129,3.57,.sdf
Oxidation Potential/batch_463.sdf,3758487,3.58,.sdf
Oxidation Potential/batch_464.sdf,3844682,3.67,.sdf
Oxidation Potential/batch_465.sdf,3733623,3.56,.sdf
Oxidation Potential/batch_466.sdf,3705192,3.53,.sdf
Oxidation Potential/batch_467.sdf,3719076,3.55,.sdf
Oxidation Potential/batch_468.sdf,3723451,3.55,.sdf
Oxidation Potential/batch_469.sdf,3755114,3.58,.sdf
Oxidation Potential/batch_47.sdf,3735288,3.56,.sdf
Oxidation Potential/batch_470.sdf,3730489,3.56,.sdf
Oxidation Potential/batch_471.sdf,3796509,3.62,.sdf
Oxidation Potential/batch_472.sdf,3792735,3.62,.sdf
Oxidation Potential/batch_473.sdf,3801027,3.62,.sdf
Oxidation Potential/batch_474.sdf,3736460,3.56,.sdf
Oxidation Potential/batch_475.sdf,3752594,3.58,.sdf
Oxidation Potential/batch_476.sdf,3717508,3.55,.sdf
Oxidation Potential/batch_477.sdf,3720574,3.55,.sdf
Oxidation Potential/batch_478.sdf,3767755,3.59,.sdf
Oxidation Potential/batch_479.sdf,3759148,3.59,.sdf
Oxidation Potential/batch_48.sdf,3744622,3.57,.sdf
Oxidation Potential/batch_480.sdf,3806541,3.63,.sdf
Oxidation Potential/batch_481.sdf,3747205,3.57,.sdf
Oxidation Potential/batch_482.sdf,3743928,3.57,.sdf
Oxidation Potential/batch_483.sdf,3724501,3.55,.sdf
Oxidation Potential/batch_484.sdf,3798817,3.62,.sdf
Oxidation Potential/batch_485.sdf,3681384,3.51,.sdf
Oxidation Potential/batch_486.sdf,3718422,3.55,.sdf
Oxidation Potential/batch_487.sdf,3708895,3.54,.sdf
Oxidation Potential/batch_488.sdf,3744652,3.57,.sdf
Oxidation Potential/batch_489.sdf,3725587,3.55,.sdf
Oxidation Potential/batch_49.sdf,3727941,3.56,.sdf
Oxidation Potential/batch_490.sdf,3763764,3.59,.sdf
Oxidation Potential/batch_491.sdf,3754586,3.58,.sdf
Oxidation Potential/batch_492.sdf,3688164,3.52,.sdf
Oxidation Potential/batch_493.sdf,3710255,3.54,.sdf
Oxidation Potential/batch_494.sdf,3695252,3.52,.sdf
Oxidation Potential/batch_495.sdf,3741908,3.57,.sdf
Oxidation Potential/batch_496.sdf,3690246,3.52,.sdf
Oxidation Potential/batch_497.sdf,3831670,3.65,.sdf
Oxidation Potential/batch_498.sdf,3791549,3.62,.sdf
Oxidation Potential/batch_499.sdf,3767138,3.59,.sdf
Oxidation Potential/batch_5.sdf,3787643,3.61,.sdf
Oxidation Potential/batch_50.sdf,3771927,3.60,.sdf
Oxidation Potential/batch_501.sdf,3724411,3.55,.sdf
Oxidation Potential/batch_502.sdf,3817638,3.64,.sdf
Oxidation Potential/batch_503.sdf,3822023,3.64,.sdf
Oxidation Potential/batch_504.sdf,3743045,3.57,.sdf
Oxidation Potential/batch_505.sdf,3727122,3.55,.sdf
Oxidation Potential/batch_506.sdf,3755130,3.58,.sdf
Oxidation Potential/batch_507.sdf,3698498,3.53,.sdf
Oxidation Potential/batch_508.sdf,3739343,3.57,.sdf
Oxidation Potential/batch_51.sdf,3717666,3.55,.sdf
Oxidation Potential/batch_510.sdf,3774418,3.60,.sdf
Oxidation Potential/batch_511.sdf,3777254,3.60,.sdf
Oxidation Potential/batch_512.sdf,3756539,3.58,.sdf
Oxidation Potential/batch_513.sdf,3708908,3.54,.sdf
Oxidation Potential/batch_514.sdf,3739790,3.57,.sdf
Oxidation Potential/batch_515.sdf,3796168,3.62,.sdf
Oxidation Potential/batch_516.sdf,3761432,3.59,.sdf
Oxidation Potential/batch_517.sdf,3672455,3.50,.sdf
Oxidation Potential/batch_518.sdf,3761646,3.59,.sdf
Oxidation Potential/batch_519.sdf,3807025,3.63,.sdf
Oxidation Potential/batch_52.sdf,3766420,3.59,.sdf
Oxidation Potential/batch_520.sdf,3815598,3.64,.sdf
Oxidation Potential/batch_521.sdf,3796635,3.62,.sdf
Oxidation Potential/batch_522.sdf,3824238,3.65,.sdf
Oxidation Potential/batch_523.sdf,3712400,3.54,.sdf
Oxidation Potential/batch_524.sdf,3718187,3.55,.sdf
Oxidation Potential/batch_525.sdf,3685212,3.51,.sdf
Oxidation Potential/batch_526.sdf,3806071,3.63,.sdf
Oxidation Potential/batch_527.sdf,3764577,3.59,.sdf
Oxidation Potential/batch_528.sdf,3735528,3.56,.sdf
Oxidation Potential/batch_529.sdf,3818357,3.64,.sdf
Oxidation Potential/batch_53.sdf,3705319,3.53,.sdf
Oxidation Potential/batch_530.sdf,3768407,3.59,.sdf
Oxidation Potential/batch_531.sdf,3796109,3.62,.sdf
Oxidation Potential/batch_532.sdf,3777350,3.60,.sdf
Oxidation Potential/batch_533.sdf,3746784,3.57,.sdf
Oxidation Potential/batch_534.sdf,3753168,3.58,.sdf
Oxidation Potential/batch_535.sdf,3706035,3.53,.sdf
Oxidation Potential/batch_536.sdf,3726291,3.55,.sdf
Oxidation Potential/batch_537.sdf,3721960,3.55,.sdf
Oxidation Potential/batch_538.sdf,3729223,3.56,.sdf
Oxidation Potential/batch_539.sdf,3774599,3.60,.sdf
Oxidation Potential/batch_54.sdf,3767864,3.59,.sdf
Oxidation Potential/batch_540.sdf,3768031,3.59,.sdf
Oxidation Potential/batch_541.sdf,3818062,3.64,.sdf
Oxidation Potential/batch_542.sdf,3786020,3.61,.sdf
Oxidation Potential/batch_543.sdf,3729195,3.56,.sdf
Oxidation Potential/batch_544.sdf,3771098,3.60,.sdf
Oxidation Potential/batch_545.sdf,3844105,3.67,.sdf
Oxidation Potential/batch_546.sdf,3794732,3.62,.sdf
Oxidation Potential/batch_547.sdf,3712979,3.54,.sdf
Oxidation Potential/batch_548.sdf,3684110,3.51,.sdf
Oxidation Potential/batch_549.sdf,3811114,3.63,.sdf
Oxidation Potential/batch_55.sdf,3697364,3.53,.sdf
Oxidation Potential/batch_550.sdf,3784832,3.61,.sdf
Oxidation Potential/batch_551.sdf,3790432,3.61,.sdf
Oxidation Potential/batch_552.sdf,3737759,3.56,.sdf
Oxidation Potential/batch_553.sdf,3721761,3.55,.sdf
Oxidation Potential/batch_554.sdf,3769353,3.59,.sdf
Oxidation Potential/batch_555.sdf,3724149,3.55,.sdf
Oxidation Potential/batch_556.sdf,3760067,3.59,.sdf
Oxidation Potential/batch_557.sdf,3647520,3.48,.sdf
Oxidation Potential/batch_558.sdf,3782312,3.61,.sdf
Oxidation Potential/batch_559.sdf,3739923,3.57,.sdf
Oxidation Potential/batch_56.sdf,3750364,3.58,.sdf
Oxidation Potential/batch_560.sdf,3738669,3.57,.sdf
Oxidation Potential/batch_561.sdf,3709107,3.54,.sdf
Oxidation Potential/batch_562.sdf,3798478,3.62,.sdf
Oxidation Potential/batch_563.sdf,3715393,3.54,.sdf
Oxidation Potential/batch_564.sdf,3750557,3.58,.sdf
Oxidation Potential/batch_565.sdf,3685287,3.51,.sdf
Oxidation Potential/batch_566.sdf,3748950,3.58,.sdf
Oxidation Potential/batch_567.sdf,3768156,3.59,.sdf
Oxidation Potential/batch_568.sdf,3759116,3.58,.sdf
Oxidation Potential/batch_569.sdf,3791205,3.62,.sdf
Oxidation Potential/batch_57.sdf,3785117,3.61,.sdf
Oxidation Potential/batch_570.sdf,3763368,3.59,.sdf
Oxidation Potential/batch_571.sdf,3717299,3.55,.sdf
Oxidation Potential/batch_572.sdf,3762210,3.59,.sdf
Oxidation Potential/batch_573.sdf,3781700,3.61,.sdf
Oxidation Potential/batch_574.sdf,3748430,3.57,.sdf
Oxidation Potential/batch_575.sdf,3687476,3.52,.sdf
Oxidation Potential/batch_576.sdf,3699892,3.53,.sdf
Oxidation Potential/batch_578.sdf,3744108,3.57,.sdf
Oxidation Potential/batch_579.sdf,3704808,3.53,.sdf
Oxidation Potential/batch_58.sdf,3694543,3.52,.sdf
Oxidation Potential/batch_580.sdf,3749616,3.58,.sdf
Oxidation Potential/batch_581.sdf,3760733,3.59,.sdf
Oxidation Potential/batch_582.sdf,3782818,3.61,.sdf
Oxidation Potential/batch_583.sdf,3826338,3.65,.sdf
Oxidation Potential/batch_584.sdf,3705548,3.53,.sdf
Oxidation Potential/batch_585.sdf,3818196,3.64,.sdf
Oxidation Potential/batch_586.sdf,3731024,3.56,.sdf
Oxidation Potential/batch_587.sdf,3712178,3.54,.sdf
Oxidation Potential/batch_588.sdf,3771837,3.60,.sdf
Oxidation Potential/batch_589.sdf,3787656,3.61,.sdf
Oxidation Potential/batch_59.sdf,3748594,3.57,.sdf
Oxidation Potential/batch_590.sdf,3780696,3.61,.sdf
Oxidation Potential/batch_591.sdf,3771117,3.60,.sdf
Oxidation Potential/batch_592.sdf,3833146,3.66,.sdf
Oxidation Potential/batch_593.sdf,3737149,3.56,.sdf
Oxidation Potential/batch_594.sdf,3738083,3.56,.sdf
Oxidation Potential/batch_595.sdf,3684370,3.51,.sdf
Oxidation Potential/batch_596.sdf,3801076,3.62,.sdf
Oxidation Potential/batch_597.sdf,3772598,3.60,.sdf
Oxidation Potential/batch_598.sdf,3803529,3.63,.sdf
Oxidation Potential/batch_599.sdf,3697955,3.53,.sdf
Oxidation Potential/batch_6.sdf,3799213,3.62,.sdf
Oxidation Potential/batch_60.sdf,3759179,3.59,.sdf
Oxidation Potential/batch_600.sdf,3775080,3.60,.sdf
Oxidation Potential/batch_601.sdf,3758417,3.58,.sdf
Oxidation Potential/batch_602.sdf,3789279,3.61,.sdf
Oxidation Potential/batch_603.sdf,3798963,3.62,.sdf
Oxidation Potential/batch_604.sdf,3776548,3.60,.sdf
Oxidation Potential/batch_605.sdf,3778592,3.60,.sdf
Oxidation Potential/batch_606.sdf,3777897,3.60,.sdf
Oxidation Potential/batch_607.sdf,3773145,3.60,.sdf
Oxidation Potential/batch_608.sdf,3738590,3.57,.sdf
Oxidation Potential/batch_609.sdf,3686639,3.52,.sdf
Oxidation Potential/batch_61.sdf,3737532,3.56,.sdf
Oxidation Potential/batch_610.sdf,3722743,3.55,.sdf
Oxidation Potential/batch_611.sdf,3782574,3.61,.sdf
Oxidation Potential/batch_612.sdf,3765385,3.59,.sdf
Oxidation Potential/batch_613.sdf,3667264,3.50,.sdf
Oxidation Potential/batch_614.sdf,3722132,3.55,.sdf
Oxidation Potential/batch_615.sdf,3719378,3.55,.sdf
Oxidation Potential/batch_617.sdf,3832355,3.65,.sdf
Oxidation Potential/batch_618.sdf,3817756,3.64,.sdf
Oxidation Potential/batch_619.sdf,3763573,3.59,.sdf
Oxidation Potential/batch_62.sdf,3745718,3.57,.sdf
Oxidation Potential/batch_620.sdf,3710433,3.54,.sdf
Oxidation Potential/batch_621.sdf,3792075,3.62,.sdf
Oxidation Potential/batch_622.sdf,3739001,3.57,.sdf
Oxidation Potential/batch_623.sdf,3725656,3.55,.sdf
Oxidation Potential/batch_624.sdf,3751974,3.58,.sdf
Oxidation Potential/batch_625.sdf,3774888,3.60,.sdf
Oxidation Potential/batch_626.sdf,3740775,3.57,.sdf
Oxidation Potential/batch_627.sdf,3808856,3.63,.sdf
Oxidation Potential/batch_628.sdf,3800532,3.62,.sdf
Oxidation Potential/batch_629.sdf,3787530,3.61,.sdf
Oxidation Potential/batch_63.sdf,3782493,3.61,.sdf
Oxidation Potential/batch_630.sdf,3812105,3.64,.sdf
Oxidation Potential/batch_631.sdf,3693864,3.52,.sdf
Oxidation Potential/batch_632.sdf,3721815,3.55,.sdf
Oxidation Potential/batch_633.sdf,3748089,3.57,.sdf
Oxidation Potential/batch_634.sdf,3684755,3.51,.sdf
Oxidation Potential/batch_635.sdf,3715292,3.54,.sdf
Oxidation Potential/batch_636.sdf,3733405,3.56,.sdf
Oxidation Potential/batch_637.sdf,3775227,3.60,.sdf
Oxidation Potential/batch_638.sdf,3761625,3.59,.sdf
Oxidation Potential/batch_639.sdf,3743776,3.57,.sdf
Oxidation Potential/batch_64.sdf,3782481,3.61,.sdf
Oxidation Potential/batch_640.sdf,3711494,3.54,.sdf
Oxidation Potential/batch_641.sdf,3788831,3.61,.sdf
Oxidation Potential/batch_642.sdf,3735318,3.56,.sdf
Oxidation Potential/batch_643.sdf,3715159,3.54,.sdf
Oxidation Potential/batch_644.sdf,3772886,3.60,.sdf
Oxidation Potential/batch_645.sdf,3782758,3.61,.sdf
Oxidation Potential/batch_646.sdf,3732677,3.56,.sdf
Oxidation Potential/batch_647.sdf,3780784,3.61,.sdf
Oxidation Potential/batch_648.sdf,3723283,3.55,.sdf
Oxidation Potential/batch_649.sdf,3760282,3.59,.sdf
Oxidation Potential/batch_65.sdf,3687962,3.52,.sdf
Oxidation Potential/batch_650.sdf,3680523,3.51,.sdf
Oxidation Potential/batch_651.sdf,3768350,3.59,.sdf
Oxidation Potential/batch_652.sdf,3750325,3.58,.sdf
Oxidation Potential/batch_653.sdf,3776337,3.60,.sdf
Oxidation Potential/batch_654.sdf,3739791,3.57,.sdf
Oxidation Potential/batch_655.sdf,3755408,3.58,.sdf
Oxidation Potential/batch_656.sdf,3746694,3.57,.sdf
Oxidation Potential/batch_657.sdf,3822270,3.65,.sdf
Oxidation Potential/batch_658.sdf,3732369,3.56,.sdf
Oxidation Potential/batch_659.sdf,3779393,3.60,.sdf
Oxidation Potential/batch_66.sdf,3753310,3.58,.sdf
Oxidation Potential/batch_660.sdf,3764447,3.59,.sdf
Oxidation Potential/batch_661.sdf,3761100,3.59,.sdf
Oxidation Potential/batch_662.sdf,3739405,3.57,.sdf
Oxidation Potential/batch_663.sdf,3794110,3.62,.sdf
Oxidation Potential/batch_664.sdf,3738055,3.56,.sdf
Oxidation Potential/batch_665.sdf,3794880,3.62,.sdf
Oxidation Potential/batch_666.sdf,3752088,3.58,.sdf
Oxidation Potential/batch_667.sdf,3840301,3.66,.sdf
Oxidation Potential/batch_668.sdf,3746531,3.57,.sdf
Oxidation Potential/batch_669.sdf,3723895,3.55,.sdf
Oxidation Potential/batch_67.sdf,3684243,3.51,.sdf
Oxidation Potential/batch_670.sdf,3844870,3.67,.sdf
Oxidation Potential/batch_671.sdf,3688642,3.52,.sdf
Oxidation Potential/batch_672.sdf,3761837,3.59,.sdf
Oxidation Potential/batch_673.sdf,3794095,3.62,.sdf
Oxidation Potential/batch_674.sdf,3818684,3.64,.sdf
Oxidation Potential/batch_675.sdf,3695170,3.52,.sdf
Oxidation Potential/batch_676.sdf,3746624,3.57,.sdf
Oxidation Potential/batch_677.sdf,3742972,3.57,.sdf
Oxidation Potential/batch_678.sdf,3754283,3.58,.sdf
Oxidation Potential/batch_679.sdf,3739194,3.57,.sdf
Oxidation Potential/batch_68.sdf,3738415,3.57,.sdf
Oxidation Potential/batch_680.sdf,3683650,3.51,.sdf
Oxidation Potential/batch_681.sdf,3696454,3.53,.sdf
Oxidation Potential/batch_682.sdf,3738753,3.57,.sdf
Oxidation Potential/batch_683.sdf,3754970,3.58,.sdf
Oxidation Potential/batch_684.sdf,3735812,3.56,.sdf
Oxidation Potential/batch_685.sdf,3759411,3.59,.sdf
Oxidation Potential/batch_686.sdf,3705192,3.53,.sdf
Oxidation Potential/batch_687.sdf,3689536,3.52,.sdf
Oxidation Potential/batch_688.sdf,3809541,3.63,.sdf
Oxidation Potential/batch_689.sdf,3794479,3.62,.sdf
Oxidation Potential/batch_69.sdf,3708926,3.54,.sdf
Oxidation Potential/batch_690.sdf,3727802,3.56,.sdf
Oxidation Potential/batch_691.sdf,3794151,3.62,.sdf
Oxidation Potential/batch_692.sdf,3781628,3.61,.sdf
Oxidation Potential/batch_693.sdf,3785961,3.61,.sdf
Oxidation Potential/batch_694.sdf,3828626,3.65,.sdf
Oxidation Potential/batch_695.sdf,3680663,3.51,.sdf
Oxidation Potential/batch_696.sdf,3779889,3.60,.sdf
Oxidation Potential/batch_697.sdf,3753997,3.58,.sdf
Oxidation Potential/batch_698.sdf,3783682,3.61,.sdf
Oxidation Potential/batch_699.sdf,3770961,3.60,.sdf
Oxidation Potential/batch_7.sdf,3719504,3.55,.sdf
Oxidation Potential/batch_70.sdf,3745276,3.57,.sdf
Oxidation Potential/batch_700.sdf,3748900,3.58,.sdf
Oxidation Potential/batch_701.sdf,3709456,3.54,.sdf
Oxidation Potential/batch_702.sdf,3760204,3.59,.sdf
Oxidation Potential/batch_703.sdf,3760021,3.59,.sdf
Oxidation Potential/batch_704.sdf,3802941,3.63,.sdf
Oxidation Potential/batch_705.sdf,3765763,3.59,.sdf
Oxidation Potential/batch_706.sdf,3756362,3.58,.sdf
Oxidation Potential/batch_707.sdf,3721870,3.55,.sdf
Oxidation Potential/batch_708.sdf,3717895,3.55,.sdf
Oxidation Potential/batch_709.sdf,3730987,3.56,.sdf
Oxidation Potential/batch_71.sdf,3762413,3.59,.sdf
Oxidation Potential/batch_710.sdf,3733906,3.56,.sdf
Oxidation Potential/batch_711.sdf,3773617,3.60,.sdf
Oxidation Potential/batch_712.sdf,3705262,3.53,.sdf
Oxidation Potential/batch_713.sdf,3774274,3.60,.sdf
Oxidation Potential/batch_714.sdf,3793365,3.62,.sdf
Oxidation Potential/batch_715.sdf,3759405,3.59,.sdf
Oxidation Potential/batch_716.sdf,3733494,3.56,.sdf
Oxidation Potential/batch_717.sdf,3727867,3.56,.sdf
Oxidation Potential/batch_718.sdf,3763411,3.59,.sdf
Oxidation Potential/batch_719.sdf,3764184,3.59,.sdf
Oxidation Potential/batch_72.sdf,3772160,3.60,.sdf
Oxidation Potential/batch_720.sdf,3769202,3.59,.sdf
Oxidation Potential/batch_721.sdf,3776749,3.60,.sdf
Oxidation Potential/batch_722.sdf,3698457,3.53,.sdf
Oxidation Potential/batch_723.sdf,3846467,3.67,.sdf
Oxidation Potential/batch_724.sdf,3821067,3.64,.sdf
Oxidation Potential/batch_725.sdf,3692150,3.52,.sdf
Oxidation Potential/batch_726.sdf,3716190,3.54,.sdf
Oxidation Potential/batch_727.sdf,3743672,3.57,.sdf
Oxidation Potential/batch_728.sdf,3741885,3.57,.sdf
Oxidation Potential/batch_729.sdf,3807007,3.63,.sdf
Oxidation Potential/batch_73.sdf,3768101,3.59,.sdf
Oxidation Potential/batch_730.sdf,3737156,3.56,.sdf
Oxidation Potential/batch_731.sdf,3745483,3.57,.sdf
Oxidation Potential/batch_732.sdf,3739683,3.57,.sdf
Oxidation Potential/batch_733.sdf,3797026,3.62,.sdf
Oxidation Potential/batch_734.sdf,3775469,3.60,.sdf
Oxidation Potential/batch_735.sdf,3705045,3.53,.sdf
Oxidation Potential/batch_736.sdf,3798171,3.62,.sdf
Oxidation Potential/batch_737.sdf,3703794,3.53,.sdf
Oxidation Potential/batch_738.sdf,3742348,3.57,.sdf
Oxidation Potential/batch_739.sdf,3731089,3.56,.sdf
Oxidation Potential/batch_74.sdf,3765153,3.59,.sdf
Oxidation Potential/batch_740.sdf,3752556,3.58,.sdf
Oxidation Potential/batch_741.sdf,3778845,3.60,.sdf
Oxidation Potential/batch_742.sdf,3788188,3.61,.sdf
Oxidation Potential/batch_743.sdf,3749117,3.58,.sdf
Oxidation Potential/batch_744.sdf,3868905,3.69,.sdf
Oxidation Potential/batch_745.sdf,3752291,3.58,.sdf
Oxidation Potential/batch_746.sdf,3753157,3.58,.sdf
Oxidation Potential/batch_747.sdf,3714638,3.54,.sdf
Oxidation Potential/batch_748.sdf,3726473,3.55,.sdf
Oxidation Potential/batch_749.sdf,3772183,3.60,.sdf
Oxidation Potential/batch_75.sdf,3630811,3.46,.sdf
Oxidation Potential/batch_750.sdf,3752449,3.58,.sdf
Oxidation Potential/batch_751.sdf,3778630,3.60,.sdf
Oxidation Potential/batch_752.sdf,3780881,3.61,.sdf
Oxidation Potential/batch_753.sdf,3768371,3.59,.sdf
Oxidation Potential/batch_754.sdf,3806970,3.63,.sdf
Oxidation Potential/batch_755.sdf,3777092,3.60,.sdf
Oxidation Potential/batch_756.sdf,3747040,3.57,.sdf
Oxidation Potential/batch_757.sdf,3773123,3.60,.sdf
Oxidation Potential/batch_758.sdf,3753773,3.58,.sdf
Oxidation Potential/batch_759.sdf,3799338,3.62,.sdf
Oxidation Potential/batch_76.sdf,3749135,3.58,.sdf
Oxidation Potential/batch_760.sdf,3766490,3.59,.sdf
Oxidation Potential/batch_761.sdf,3820998,3.64,.sdf
Oxidation Potential/batch_762.sdf,3767170,3.59,.sdf
Oxidation Potential/batch_763.sdf,3720976,3.55,.sdf
Oxidation Potential/batch_764.sdf,3741298,3.57,.sdf
Oxidation Potential/batch_765.sdf,3777459,3.60,.sdf
Oxidation Potential/batch_766.sdf,3793865,3.62,.sdf
Oxidation Potential/batch_767.sdf,3737400,3.56,.sdf
Oxidation Potential/batch_768.sdf,3758402,3.58,.sdf
Oxidation Potential/batch_769.sdf,3782197,3.61,.sdf
Oxidation Potential/batch_77.sdf,3771094,3.60,.sdf
Oxidation Potential/batch_770.sdf,3781551,3.61,.sdf
Oxidation Potential/batch_771.sdf,3723194,3.55,.sdf
Oxidation Potential/batch_772.sdf,3848492,3.67,.sdf
Oxidation Potential/batch_773.sdf,3748275,3.57,.sdf
Oxidation Potential/batch_774.sdf,3817629,3.64,.sdf
Oxidation Potential/batch_775.sdf,3733233,3.56,.sdf
Oxidation Potential/batch_776.sdf,3783165,3.61,.sdf
Oxidation Potential/batch_777.sdf,3768055,3.59,.sdf
Oxidation Potential/batch_778.sdf,3757607,3.58,.sdf
Oxidation Potential/batch_779.sdf,3738625,3.57,.sdf
Oxidation Potential/batch_78.sdf,3807624,3.63,.sdf
Oxidation Potential/batch_780.sdf,3728339,3.56,.sdf
Oxidation Potential/batch_781.sdf,3712574,3.54,.sdf
Oxidation Potential/batch_782.sdf,3807827,3.63,.sdf
Oxidation Potential/batch_783.sdf,3771084,3.60,.sdf
Oxidation Potential/batch_784.sdf,3707090,3.54,.sdf
Oxidation Potential/batch_785.sdf,3725684,3.55,.sdf
Oxidation Potential/batch_786.sdf,3712295,3.54,.sdf
Oxidation Potential/batch_787.sdf,3670607,3.50,.sdf
Oxidation Potential/batch_788.sdf,3751843,3.58,.sdf
Oxidation Potential/batch_789.sdf,3791820,3.62,.sdf
Oxidation Potential/batch_79.sdf,3672479,3.50,.sdf
Oxidation Potential/batch_790.sdf,3730862,3.56,.sdf
Oxidation Potential/batch_791.sdf,3738557,3.57,.sdf
Oxidation Potential/batch_792.sdf,3628903,3.46,.sdf
Oxidation Potential/batch_793.sdf,3761055,3.59,.sdf
Oxidation Potential/batch_794.sdf,3784326,3.61,.sdf
Oxidation Potential/batch_795.sdf,3760414,3.59,.sdf
Oxidation Potential/batch_796.sdf,3767051,3.59,.sdf
Oxidation Potential/batch_797.sdf,3721129,3.55,.sdf
Oxidation Potential/batch_798.sdf,3711493,3.54,.sdf
Oxidation Potential/batch_799.sdf,3757655,3.58,.sdf
Oxidation Potential/batch_8.sdf,3791682,3.62,.sdf
Oxidation Potential/batch_80.sdf,3783941,3.61,.sdf
Oxidation Potential/batch_800.sdf,3694959,3.52,.sdf
Oxidation Potential/batch_801.sdf,3770066,3.60,.sdf
Oxidation Potential/batch_802.sdf,3722792,3.55,.sdf
Oxidation Potential/batch_803.sdf,3760325,3.59,.sdf
Oxidation Potential/batch_804.sdf,3772735,3.60,.sdf
Oxidation Potential/batch_805.sdf,3783888,3.61,.sdf
Oxidation Potential/batch_806.sdf,3713318,3.54,.sdf
Oxidation Potential/batch_807.sdf,3776840,3.60,.sdf
Oxidation Potential/batch_808.sdf,3746112,3.57,.sdf
Oxidation Potential/batch_809.sdf,3756792,3.58,.sdf
Oxidation Potential/batch_81.sdf,3791868,3.62,.sdf
Oxidation Potential/batch_810.sdf,3706132,3.53,.sdf
Oxidation Potential/batch_811.sdf,3666964,3.50,.sdf
Oxidation Potential/batch_812.sdf,3768904,3.59,.sdf
Oxidation Potential/batch_813.sdf,3785066,3.61,.sdf
Oxidation Potential/batch_814.sdf,3732329,3.56,.sdf
Oxidation Potential/batch_815.sdf,3792933,3.62,.sdf
Oxidation Potential/batch_816.sdf,3818511,3.64,.sdf
Oxidation Potential/batch_817.sdf,3676474,3.51,.sdf
Oxidation Potential/batch_818.sdf,3824794,3.65,.sdf
Oxidation Potential/batch_819.sdf,3754021,3.58,.sdf
Oxidation Potential/batch_82.sdf,3789705,3.61,.sdf
Oxidation Potential/batch_820.sdf,3743440,3.57,.sdf
Oxidation Potential/batch_821.sdf,3718293,3.55,.sdf
Oxidation Potential/batch_822.sdf,3746213,3.57,.sdf
Oxidation Potential/batch_823.sdf,3767610,3.59,.sdf
Oxidation Potential/batch_824.sdf,3785147,3.61,.sdf
Oxidation Potential/batch_825.sdf,3792442,3.62,.sdf
Oxidation Potential/batch_826.sdf,3746530,3.57,.sdf
Oxidation Potential/batch_827.sdf,3785604,3.61,.sdf
Oxidation Potential/batch_828.sdf,3811978,3.64,.sdf
Oxidation Potential/batch_829.sdf,3773508,3.60,.sdf
Oxidation Potential/batch_83.sdf,3698367,3.53,.sdf
Oxidation Potential/batch_830.sdf,3744483,3.57,.sdf
Oxidation Potential/batch_831.sdf,3714928,3.54,.sdf
Oxidation Potential/batch_832.sdf,3781174,3.61,.sdf
Oxidation Potential/batch_833.sdf,3763651,3.59,.sdf
Oxidation Potential/batch_834.sdf,3739151,3.57,.sdf
Oxidation Potential/batch_835.sdf,3750317,3.58,.sdf
Oxidation Potential/batch_836.sdf,3790687,3.62,.sdf
Oxidation Potential/batch_837.sdf,3753386,3.58,.sdf
Oxidation Potential/batch_838.sdf,3745268,3.57,.sdf
Oxidation Potential/batch_84.sdf,3735530,3.56,.sdf
Oxidation Potential/batch_840.sdf,3772830,3.60,.sdf
Oxidation Potential/batch_841.sdf,3744702,3.57,.sdf
Oxidation Potential/batch_842.sdf,3716025,3.54,.sdf
Oxidation Potential/batch_843.sdf,3733834,3.56,.sdf
Oxidation Potential/batch_844.sdf,3767142,3.59,.sdf
Oxidation Potential/batch_845.sdf,3753009,3.58,.sdf
Oxidation Potential/batch_846.sdf,3782209,3.61,.sdf
Oxidation Potential/batch_847.sdf,3739446,3.57,.sdf
Oxidation Potential/batch_848.sdf,3718617,3.55,.sdf
Oxidation Potential/batch_849.sdf,3763543,3.59,.sdf
Oxidation Potential/batch_85.sdf,3735124,3.56,.sdf
Oxidation Potential/batch_850.sdf,3792313,3.62,.sdf
Oxidation Potential/batch_851.sdf,3734006,3.56,.sdf
Oxidation Potential/batch_852.sdf,3750716,3.58,.sdf
Oxidation Potential/batch_853.sdf,3717249,3.55,.sdf
Oxidation Potential/batch_854.sdf,3694775,3.52,.sdf
Oxidation Potential/batch_855.sdf,3792337,3.62,.sdf
Oxidation Potential/batch_856.sdf,3821084,3.64,.sdf
Oxidation Potential/batch_857.sdf,3723690,3.55,.sdf
Oxidation Potential/batch_858.sdf,3762393,3.59,.sdf
Oxidation Potential/batch_859.sdf,3774254,3.60,.sdf
Oxidation Potential/batch_86.sdf,3795799,3.62,.sdf
Oxidation Potential/batch_860.sdf,3683021,3.51,.sdf
Oxidation Potential/batch_861.sdf,3684876,3.51,.sdf
Oxidation Potential/batch_862.sdf,3738308,3.57,.sdf
Oxidation Potential/batch_863.sdf,3765328,3.59,.sdf
Oxidation Potential/batch_864.sdf,3729217,3.56,.sdf
Oxidation Potential/batch_865.sdf,3780282,3.61,.sdf
Oxidation Potential/batch_866.sdf,3740519,3.57,.sdf
Oxidation Potential/batch_867.sdf,3761318,3.59,.sdf
Oxidation Potential/batch_868.sdf,3735532,3.56,.sdf
Oxidation Potential/batch_869.sdf,3750790,3.58,.sdf
Oxidation Potential/batch_87.sdf,3773507,3.60,.sdf
Oxidation Potential/batch_870.sdf,3790691,3.62,.sdf
Oxidation Potential/batch_871.sdf,3712492,3.54,.sdf
Oxidation Potential/batch_872.sdf,3886984,3.71,.sdf
Oxidation Potential/batch_873.sdf,3744567,3.57,.sdf
Oxidation Potential/batch_874.sdf,3739214,3.57,.sdf
Oxidation Potential/batch_875.sdf,3760380,3.59,.sdf
Oxidation Potential/batch_876.sdf,3792949,3.62,.sdf
Oxidation Potential/batch_877.sdf,3783692,3.61,.sdf
Oxidation Potential/batch_878.sdf,3741023,3.57,.sdf
Oxidation Potential/batch_879.sdf,3758068,3.58,.sdf
Oxidation Potential/batch_88.sdf,3787092,3.61,.sdf
Oxidation Potential/batch_880.sdf,3802720,3.63,.sdf
Oxidation Potential/batch_881.sdf,3733816,3.56,.sdf
Oxidation Potential/batch_882.sdf,3723126,3.55,.sdf
Oxidation Potential/batch_883.sdf,3804678,3.63,.sdf
Oxidation Potential/batch_884.sdf,3794197,3.62,.sdf
Oxidation Potential/batch_885.sdf,3777285,3.60,.sdf
Oxidation Potential/batch_886.sdf,3724397,3.55,.sdf
Oxidation Potential/batch_887.sdf,3779677,3.60,.sdf
Oxidation Potential/batch_888.sdf,3660972,3.49,.sdf
Oxidation Potential/batch_889.sdf,3783798,3.61,.sdf
Oxidation Potential/batch_89.sdf,3663551,3.49,.sdf
Oxidation Potential/batch_890.sdf,3692513,3.52,.sdf
Oxidation Potential/batch_891.sdf,3743135,3.57,.sdf
Oxidation Potential/batch_892.sdf,3742389,3.57,.sdf
Oxidation Potential/batch_893.sdf,3719742,3.55,.sdf
Oxidation Potential/batch_894.sdf,3749923,3.58,.sdf
Oxidation Potential/batch_895.sdf,3786883,3.61,.sdf
Oxidation Potential/batch_896.sdf,3630222,3.46,.sdf
Oxidation Potential/batch_897.sdf,3726040,3.55,.sdf
Oxidation Potential/batch_898.sdf,3722287,3.55,.sdf
Oxidation Potential/batch_899.sdf,3737357,3.56,.sdf
Oxidation Potential/batch_9.sdf,3771121,3.60,.sdf
Oxidation Potential/batch_90.sdf,3769174,3.59,.sdf
Oxidation Potential/batch_900.sdf,3703660,3.53,.sdf
Oxidation Potential/batch_901.sdf,3751174,3.58,.sdf
Oxidation Potential/batch_902.sdf,3806897,3.63,.sdf
Oxidation Potential/batch_903.sdf,3760299,3.59,.sdf
Oxidation Potential/batch_904.sdf,3716063,3.54,.sdf
Oxidation Potential/batch_905.sdf,3786381,3.61,.sdf
Oxidation Potential/batch_906.sdf,3788064,3.61,.sdf
Oxidation Potential/batch_907.sdf,3754491,3.58,.sdf
Oxidation Potential/batch_908.sdf,3740707,3.57,.sdf
Oxidation Potential/batch_909.sdf,3719983,3.55,.sdf
Oxidation Potential/batch_91.sdf,3750900,3.58,.sdf
Oxidation Potential/batch_910.sdf,3763569,3.59,.sdf
Oxidation Potential/batch_911.sdf,3752010,3.58,.sdf
Oxidation Potential/batch_912.sdf,3719455,3.55,.sdf
Oxidation Potential/batch_913.sdf,3693986,3.52,.sdf
Oxidation Potential/batch_914.sdf,3762291,3.59,.sdf
Oxidation Potential/batch_915.sdf,3769117,3.59,.sdf
Oxidation Potential/batch_916.sdf,3722839,3.55,.sdf
Oxidation Potential/batch_917.sdf,3783235,3.61,.sdf
Oxidation Potential/batch_918.sdf,3770230,3.60,.sdf
Oxidation Potential/batch_919.sdf,3740634,3.57,.sdf
Oxidation Potential/batch_92.sdf,3721196,3.55,.sdf
Oxidation Potential/batch_920.sdf,3694587,3.52,.sdf
Oxidation Potential/batch_921.sdf,3670015,3.50,.sdf
Oxidation Potential/batch_922.sdf,3799879,3.62,.sdf
Oxidation Potential/batch_923.sdf,3749329,3.58,.sdf
Oxidation Potential/batch_924.sdf,3698809,3.53,.sdf
Oxidation Potential/batch_925.sdf,3684523,3.51,.sdf
Oxidation Potential/batch_926.sdf,3788002,3.61,.sdf
Oxidation Potential/batch_927.sdf,3751067,3.58,.sdf
Oxidation Potential/batch_928.sdf,3800106,3.62,.sdf
Oxidation Potential/batch_929.sdf,3745759,3.57,.sdf
Oxidation Potential/batch_93.sdf,3768369,3.59,.sdf
Oxidation Potential/batch_930.sdf,3837091,3.66,.sdf
Oxidation Potential/batch_931.sdf,3822544,3.65,.sdf
Oxidation Potential/batch_932.sdf,3680074,3.51,.sdf
Oxidation Potential/batch_933.sdf,3695763,3.52,.sdf
Oxidation Potential/batch_934.sdf,3721292,3.55,.sdf
Oxidation Potential/batch_935.sdf,3753982,3.58,.sdf
Oxidation Potential/batch_936.sdf,3737126,3.56,.sdf
Oxidation Potential/batch_937.sdf,3796408,3.62,.sdf
Oxidation Potential/batch_938.sdf,3695196,3.52,.sdf
Oxidation Potential/batch_939.sdf,3681948,3.51,.sdf
Oxidation Potential/batch_94.sdf,3782963,3.61,.sdf
Oxidation Potential/batch_940.sdf,3736478,3.56,.sdf
Oxidation Potential/batch_941.sdf,3732252,3.56,.sdf
Oxidation Potential/batch_943.sdf,3748624,3.57,.sdf
Oxidation Potential/batch_944.sdf,3791584,3.62,.sdf
Oxidation Potential/batch_945.sdf,3695870,3.52,.sdf
Oxidation Potential/batch_946.sdf,3778382,3.60,.sdf
Oxidation Potential/batch_947.sdf,3784444,3.61,.sdf
Oxidation Potential/batch_948.sdf,3731355,3.56,.sdf
Oxidation Potential/batch_949.sdf,3743127,3.57,.sdf
Oxidation Potential/batch_95.sdf,3767652,3.59,.sdf
Oxidation Potential/batch_950.sdf,3770257,3.60,.sdf
Oxidation Potential/batch_951.sdf,3735139,3.56,.sdf
Oxidation Potential/batch_952.sdf,3762901,3.59,.sdf
Oxidation Potential/batch_953.sdf,3780176,3.61,.sdf
Oxidation Potential/batch_954.sdf,3724347,3.55,.sdf
Oxidation Potential/batch_955.sdf,3759106,3.58,.sdf
Oxidation Potential/batch_956.sdf,3754592,3.58,.sdf
Oxidation Potential/batch_957.sdf,3757086,3.58,.sdf
Oxidation Potential/batch_958.sdf,3753092,3.58,.sdf
Oxidation Potential/batch_959.sdf,3711081,3.54,.sdf
Oxidation Potential/batch_960.sdf,3763158,3.59,.sdf
Oxidation Potential/batch_961.sdf,3777190,3.60,.sdf
Oxidation Potential/batch_962.sdf,3715929,3.54,.sdf
Oxidation Potential/batch_963.sdf,3713183,3.54,.sdf
Oxidation Potential/batch_964.sdf,3719531,3.55,.sdf
Oxidation Potential/batch_965.sdf,3768251,3.59,.sdf
Oxidation Potential/batch_966.sdf,3759580,3.59,.sdf
Oxidation Potential/batch_967.sdf,3761298,3.59,.sdf
Oxidation Potential/batch_968.sdf,3740810,3.57,.sdf
Oxidation Potential/batch_969.sdf,3713309,3.54,.sdf
Oxidation Potential/batch_97.sdf,3727066,3.55,.sdf
Oxidation Potential/batch_970.sdf,3767477,3.59,.sdf
Oxidation Potential/batch_971.sdf,3734611,3.56,.sdf
Oxidation Potential/batch_972.sdf,3825067,3.65,.sdf
Oxidation Potential/batch_973.sdf,3743181,3.57,.sdf
Oxidation Potential/batch_974.sdf,3718237,3.55,.sdf
Oxidation Potential/batch_975.sdf,3810257,3.63,.sdf
Oxidation Potential/batch_976.sdf,3841471,3.66,.sdf
Oxidation Potential/batch_977.sdf,3713289,3.54,.sdf
Oxidation Potential/batch_978.sdf,3822139,3.65,.sdf
Oxidation Potential/batch_979.sdf,3772762,3.60,.sdf
Oxidation Potential/batch_98.sdf,3735154,3.56,.sdf
Oxidation Potential/batch_980.sdf,3776136,3.60,.sdf
Oxidation Potential/batch_981.sdf,3817307,3.64,.sdf
Oxidation Potential/batch_982.sdf,3764977,3.59,.sdf
Oxidation Potential/batch_983.sdf,3692032,3.52,.sdf
Oxidation Potential/batch_984.sdf,3731695,3.56,.sdf
Oxidation Potential/batch_985.sdf,3726211,3.55,.sdf
Oxidation Potential/batch_986.sdf,3745737,3.57,.sdf
Oxidation Potential/batch_987.sdf,3708632,3.54,.sdf
Oxidation Potential/batch_988.sdf,3786278,3.61,.sdf
Oxidation Potential/batch_989.sdf,3747235,3.57,.sdf
Oxidation Potential/batch_99.sdf,3679423,3.51,.sdf
Oxidation Potential/batch_990.sdf,3823195,3.65,.sdf
Oxidation Potential/batch_991.sdf,3725166,3.55,.sdf
Oxidation Potential/batch_992.sdf,3772295,3.60,.sdf
Oxidation Potential/batch_993.sdf,3816240,3.64,.sdf
Oxidation Potential/batch_994.sdf,3822081,3.65,.sdf
Oxidation Potential/batch_995.sdf,3661097,3.49,.sdf
Oxidation Potential/batch_996.sdf,3720431,3.55,.sdf
Oxidation Potential/batch_997.sdf,3721456,3.55,.sdf
Oxidation Potential/batch_998.sdf,3750061,3.58,.sdf
Oxidation Potential/batch_999.sdf,3726176,3.55,.sdf
Oxidation Potential/cleaned_batches_combined.sdf,41657063,39.73,.sdf
Oxidation Potential/config.yaml,651,0.00,.yaml
Oxidation Potential/cv.data,597113,0.57,.data
Oxidation Potential/final_cleaned_data.sdf,130615386,124.56,.sdf
Oxidation Potential/metric.result,236,0.00,.result
Oxidation Potential/model_0.pth,656693670,626.27,.pth
Oxidation Potential/model_1.pth,656693670,626.27,.pth
Oxidation Potential/model_2.pth,656693670,626.27,.pth
Oxidation Potential/model_3.pth,656693670,626.27,.pth
Oxidation Potential/model_4.pth,656693670,626.27,.pth
Oxidation Potential/smiles_only_file_cleaned.sdf,62798095,59.89,.sdf
Oxidation Potential/target_scaler.ss,623,0.00,.ss
Oxidation Potential/test_op_set.sdf,31730100,30.26,.sdf
Oxidation Potential/train_op_set.sdf,126933965,121.05,.sdf
