SMILES,TARGET_Donor Number
CS(=O)C,29.8
CN(C)C(=O)N(C)C,29.6
CN1CCCC1=O,27.3
CNC=O,27
CN(C)C=O,26.6
C(=O)N,24
C(CO)O,20
C1CC(=O)OC1,18
COC(=O)OC,17.2
CCOC(=O)OCC,16
C1=CC=C(C=C1)C#N,11.9
CC#N,14.1
C1CCOC1,20
COCCOC,20
CCOCC,19.2
C1COCCO1 ,14.3
CCOC(=O)C ,17.1
CC(=O)OC,16.5
CCC(=O)OC,11
CN1CCN(C1=O)C,27.7
CC(=O)N(C)C,27.8
C1CCS(=O)(=O)C1,14.8
C1COS(=O)O1,15.3
C1COC(=O)O1,16.4
C1COCO1  ,21.2
CN1CCCCCC1=O ,27.1
CC(C)C(=O)C(C)C ,16.2
CCC(=O)C,17.4
CC(C)C#N,15.4
CCCC(=O)C,17.5
C1=CC=C(C=C1)CC#N,15.1
CC(=O)C ,17
CC(=O)C(C)(C)C  ,17
 CC(C)C(=O)C,17.1
CCC(=O)CC,15
CC1COC(=O)O1,15.1
CC(=O)C1=CC=CC=C1,15
C1=CC=C(C=C1)C=O,16
C1=CC=C(C=C1)C(=O)C2=CC=CC=C2,16
CCCC#N ,16.6
 C1CCC(=O)CC1,18
C1CCC(=O)C1,18
CCCCOCCCC ,19
CC(C)OC(C)C,19
CCCOCCC,18
CCOC(=O)C1=CC=CC=C1,15
CCOC=O ,17
 COC(=O)C1=CC=CC=C1,15
CN(C)C1=CC=CC=C1,27
CN(C)C(=O)Cl,17.2
CN(C)C(=O)C(F)(F)F,16.6
CCOC(=O)N(C)C  ,22.4
C1CCOCC1,22
CCC#N,16.1
COP(=O)(OC)OC ,23
 CCN(CC)C(=O)C ,"	32.2"
C1CCN(C1)P(=O)(N2CCCC2)N3CCCC3  ,47.2
C(Cl)(Cl)(Cl)Cl,0
C(C(CO)O)O ,19
C1=CC=C(C=C1)CCO,23
C1=CC=C(C=C1)N,35
CCO,19.2
C(=O)O,19
CC(=O)O,20
CO,19
CCCO  ,19.8
C(Cl)(Cl)Cl,4
CC(C)(C)O,38
CCCCCO,25
CCN,55
C(Cl)Cl,1
C(=S)=S,2
CSC,40
CC(=O)Cl,0.7
CCCCN,42
CCOP(=O)(OCC)OCC,26
CCCCCCCCP(=O)(CCCCCCCC)CCCCCCCC ,33.8
CCC(=O)O,16.1
CC(C1=CC=C(C=C1)Cl)(C2=CC=C(C=C2)Cl)O,16
C1=CC=C2C(=C1)C=CC=N2,32
C1=CC=C(C(=C1)N)Cl,31
CNC(=O)NC,29.7
CC1CCCO1,12
CCOC(=O)C(C)C,16.4
C1=CC=C(C=C1)C(=O)Cl,2.3
C1=CC=C(C=C1)[N+](=O)[O-],4.4
C=CC1=CC=CC=C1,5
C1=CC=C(C=C1)CO,23
CNC1=CC=CC=C1,33
COC1=CC=CC=C1,9
CCCCN(CCCC)CCCC,50
C1=CC=C(C=C1)COCC2=CC=CC=C2,19
CCOC1=CC=CC=C1,8
CN(C)CC1=CC=CC=C1,21
CCC(=O)OCC,17.1
CCOC(=O)CCl,13
CCCC(=O)OCC,16.8
C(CCl)Cl,0
C(CCl)O,5
C(C#N)Cl,10
C(CN)N,55
CC(C)OC(=O)C,17.5
CC(=O)OC(=O)C,10.5
CC1=CC(=CC=C1)C,5
CC1=CC(=CC(=C1)C)C,10
C1=CC=C(C=C1)Br,3
CC1=CC=CC=C1,0.1
CC1=CC=NC=C1,34
C1=CC=C(C=C1)Cl,3.3
CC1=CN=CC=C1,39
CCCOC(=O)C,16
CCNCC,50
C1=COC=C1,6
CCCCCC,0
C1=CC=NC=C1,33.1
C1CCNCC1,40
CCCCCCO,30
C(CCl)OCCCl,16
CCCCCCCCO,32
CCN(CC)CC,61
CC(C)CCO,32
CCCCOC(=O)C,15
CCCCOP(=O)(OCCCC)OCCCC,23.7
CCCCCCC,0
NN,44
CCSCC,41
CC(=O)C(=O)C,11
COC(=O)C(F)(F)F,2.7
C1=CC=C(C=C1)C(=O)F,2.3
C1=CC=C(C=C1)F,3
CC1(C2CCC(O1)(CC2)C)C,24
CCOC(=O)C(Cl)(Cl)Cl,3.1
CCOC(=O)C(Cl)Cl,9.4
CC(=O)OC(C)(C)C,35.9
CCOC(=O)Cl,21.3
C1=CC(=CC(=C1)Cl)Cl,2
C1CN1P(=O)(N2CC2)N3CC3,50
CCCOC,18.1
CCC(=O)C(C)(C)C,14.6
CCC(=O)C(C)C,16.2
C1=CC=C(C=C1)I,4
CC(C)(C)C(=O)OC,12.8
CCN(CC)C=O,30.9
CNC(=O)N(C)C,29.3
CN(C)P(=O)(N(C)C)N(C)C,38.8
CC(C)(C)C(=O)C(C)(C)C  ,10.3
C1=CC=C(C=C1)P(=O)(Cl)Cl,18.5
CN(C)P(=O)(N1CC1)N(C)C,48.6
CN(C)P(=O)(N1CC1)N2CC2,49.1
CN(C)C#N,17
C1=CC=C(C=C1)P(=O)(C2=CC=CC=C2)Cl,22.4
CCCCCCCCS(=O)CCCCCCCC ,30.3
CCCCS(=O)CCCC,31
CCOP(=O)(N(C)C)N(C)C  ,36.4
CCN(CC)P(=O)(N(CC)CC)N(CC)CC,36.6
CCOC(=O)C(C)(C)C,13
C1(C(OC(=O)O1)Cl)Cl,3.2
CC(C)(C)CC(=O)CC(C)(C)C,15
C1CCN(CC1)P(=O)(N2CCCCC2)N3CCCCC3,40.9
CC(C)C(=O)C(C)(C)C,11.3
CN1CCCN(C1=O)C  ,33
N,59
O=S(Cl)Cl,0.4
O,33
CN1CCN(P1(=O)N(C)C)C,42.1
O=[Se](Cl)Cl,12.2
O=S(=O)(Cl)Cl,0.1
O=P(Cl)(Cl)Cl,11.7
CCCCCCCC[N+](CCCCCCCC)(CCCCCCCC)[O-] ,52.3
C1(=O)OC(C(O1)(Cl)Cl)(Cl)Cl,0.8
CN(C)P(=O)(N1CCCC1)N(C)C,38
CN(C)P(=O)(N1CCC1)N(C)C,41.1
CCN(CC)P(=O)(N(C)C)N(C)C,37.8
CC(C)OC(=O)C(C)(C)C,13.5
CCOP(=O)(N(C)C)OCC,29.5
CC1=CC=[N+](C=C1)[O-] ,36.3
CC1=C[N+](=CC=C1)[O-],36.3
CC(C)C1=CC=CC=C1,6
CCCCCCCCCCO,31
CC1=CC=C(C=C1)C,5
CCC1=CC=CC=C1 ,6
CC(C)O,21.1
C1=CC=C(C(=C1)Cl)Cl,3
CCNP(=O)(N(C)C)N(C)C,41.2
C1CCC(CC1)O,25
C1=CC=CC=C1,0.1
C1CCCCC1,0
C1=CC=C(C=C1)O,11
CC(C)CO,37
CCCCO,19.5
CC(C)CC(=O)C,16
CCC(C)(C)O,44
CCCCCO,25
CC(C)CC(=O)CC(C)C,16.4
CC(C)(C)N,57
