SMILES,TARGET_ESPmin,TARGET_ESPmax
C1CCOC1,-1.873205565,0.821103995
C1CCOCC1,-1.82297332,0.733837035
C1COCO1,-1.590533541,1.200077163
CC(=O)OC,-1.817177292,1.131477223
CC1=CC(=CC=C1)C,-0.930684303,0.846328963
CC1CCCO1,-1.907464717,0.824532631
CC1COC(=O)O1,-1.945016449,1.772605019
CCC#N,-2.001697795,1.475647011
CCCCCC,-0.152612416,0.536826499
CCOC(=O)C,-1.854620178,1.083068143
CCOC(=O)OCC,-1.684957099,0.954956872
CCOCC,-1.698100206,0.726462746
CCOP(=O)(OCC)OCC,-2.16485735,1.042169409
CN1CCCC1=O,-2.307662777,1.082279012
COC(=O)OC,-1.594941788,1.159831502
COCCOC,-1.541416964,0.823933981
COP(=O)(OC)OC,-2.323418178,1.209900478
CS(=O)C,-2.19285788,1.539621012
C(=O)N,-2.117346245,2.833795196
C(=O)O,-1.747080726,3.734220422
C(C#N)Cl,-1.671296977,2.057045783
C(C(CO)O)O,-2.093373002,3.025635566
C(CCl)Cl,-0.971474191,1.53627401
C(CCl)O,-1.757910863,2.817468356
C(CCl)OCCCl,-1.807245131,1.33705935
C(CN)N,-2.10850254,1.633745245
C(CO)O,-1.833939514,2.831890398
C(Cl)(Cl)Cl,-0.337666263,1.943111651
C(Cl)Cl,-0.579167438,1.668956796
C1(=O)OC(C(O1)(Cl)Cl)(Cl)Cl,-1.198390056,1.797476238
C1(C(OC(=O)O1)Cl)Cl,-1.457469795,2.277920717
C1=CC(=CC(=C1)Cl)Cl,-0.458675358,1.39360464
C1=CC=C(C(=C1)Cl)Cl,-0.774300387,1.328025166
C1=CC=C(C(=C1)N)Cl,-0.807307815,2.470359738
C1=CC=C(C=C1)Br,-0.645236717,1.213492383
C1=CC=C(C=C1)C#N,-1.966050861,1.431183583
C1=CC=C(C=C1)C(=O)C2=CC=CC=C2,-1.855164406,1.16290639
C1=CC=C(C=C1)C=O,-1.857531798,1.344841811
C1=CC=C(C=C1)CC#N,-1.916417268,1.540709468
C1=CC=C(C=C1)CCO,-1.864008111,2.039957024
C1=CC=C(C=C1)CO,-1.458041235,2.716650119
C1=CC=C(C=C1)COCC2=CC=CC=C2,-1.547104147,0.963011446
C1=CC=C(C=C1)Cl,-0.624556053,1.178988328
C1=CC=C(C=C1)I,-0.542568105,1.312895627
C1=CC=C(C=C1)N,-1.471456455,2.148476087
C1=CC=C(C=C1)O,-1.341059426,3.101011144
C1=CC=C(C=C1)P(=O)(C2=CC=CC=C2)Cl,-2.191851059,1.301385205
C1=CC=C(C=C1)P(=O)(Cl)Cl,-1.86145024,1.518559388
C1=CC=NC=C1,-2.007521035,1.284350869
C1=COC=C1,-1.113408854,1.332079664
C1CC(=O)OC1,-2.096148565,1.348107179
C1CCC(=O)C1,-1.922050028,1.121789965
C1CCC(=O)CC1,-1.949451907,1.05270022
C1CCC(CC1)O,-1.909940955,2.354031003
C1CCCCC1,-0.185464739,0.491274616
C1CCN(C1)P(=O)(N2CCCC2)N3CCCC3,-2.690418329,0.915609187
C1CCN(CC1)P(=O)(N2CCCCC2)N3CCCCC3,-2.581545518,0.899037445
C1CCNCC1,-1.892117488,1.494041917
C1CCS(=O)(=O)C1,-1.800986509,1.379182598
C1CN1P(=O)(N2CC2)N3CC3,-2.357622907,1.171505193
C1COC(=O)O1,-1.904362618,2.086406884
C1COCCO1,-1.615758509,0.959963769
C1COS(=O)O1,-1.441115744,1.706835065
C=CC1=CC=CC=C1,-0.765184568,1.04393815
CC(=O)C,-1.88302888,1.2056555
CC(=O)C(=O)C,-2.226926553,1.791571365
CC(=O)C(C)(C)C,-1.907655197,1.145926477
CC(=O)C1=CC=CC=C1,-1.900961193,1.33316812
CC(=O)Cl,-1.344297583,1.5426959
CC(=O)N(C)C,-2.298302055,1.313058896
CC(=O)O,-1.971003336,3.532311834
CC(=O)OC(=O)C,-1.87350489,1.355590314
CC(=O)OC(C)(C)C,-1.865123779,1.028291595
CC(C)(C)C(=O)OC,-1.799272191,1.109435989
CC(C)(C)CC(=O)CC(C)(C)C,-1.600384068,1.014713106
CC(C)(C)N,-2.06300508,1.466748883
CC(C)(C)O,-1.862783598,2.39906587
CC(C)C#N,-2.025099599,1.347263625
CC(C)C(=O)C(C)(C)C,-1.888117412,0.986059502
CC(C)C(=O)C(C)C,-1.921478588,0.948072387
CC(C)C1=CC=CC=C1,-0.876914576,0.873431517
CC(C)CC(=O)C,-1.869395969,1.148048966
CC(C)CC(=O)CC(C)C,-1.733883197,1.03811491
CC(C)CCO,-1.798020466,2.483094673
CC(C)CO,-1.75959797,2.529217996
CC(C)O,-1.844606383,2.462876603
CC(C)OC(=O)C,-1.863218981,1.073925112
CC(C)OC(=O)C(C)(C)C,-1.818673919,0.923690973
CC(C)OC(C)C,-1.78196574,0.709210718
CC(C1=CC=C(C=C1)Cl)(C2=CC=C(C=C2)Cl)O,-1.07582991,2.783181992
CC1(C2CCC(O1)(CC2)C)C,-1.842511105,0.698435004
CC1=CC=C(C=C1)C,-0.931527856,0.827471463
CC1=CC=CC=C1,-0.858574093,0.875336315
CC1=CC=NC=C1,-2.12229872,1.153899417
CC1=CN=CC=C1,-2.095441068,1.214961799
CCC(=O)C,-1.893178732,1.176920261
CCC(=O)C(C)(C)C,-1.864280225,1.032182825
CCC(=O)C(C)C,-1.884634353,1.029869856
CCC(=O)CC,-1.872606914,1.054523384
CCC(=O)O,-2.005344123,3.420745094
CCC(=O)OC,-1.803190632,1.104673994
CCC(=O)OCC,-1.82471485,0.978222619
CCC(C)(C)O,-1.799163345,2.39751482
CCCC(=O)C,-1.896879483,1.153246343
CCCC(=O)OCC,-1.817068446,0.93705177
CCCCCCC,-0.16061801,0.53451353
CCCCCCCCCCO,-1.873151142,2.435583568
CCCCCCCCO,-1.879164861,2.434549535
CCCCCCO,-1.845014554,2.510714244
CCCCCO,-1.839517851,2.50753051
CCCCCO,-1.844470326,2.490985979
CCCCN,-2.12967301,1.487728872
CCCCN(CCCC)CCCC,-1.677229062,0.596827636
CCCCO,-1.838347761,2.499639204
CCCCOC(=O)C,-1.875137574,1.075095203
CCCCOCCCC,-1.721991815,0.592392178
CCCCOP(=O)(OCCCC)OCCCC,-2.274791406,0.881023498
CCCCS(=O)CCCC,-2.230518458,1.307915941
CCCO,-1.848225499,2.456971729
CCCOC,-1.730182446,0.74929311
CCCOC(=O)C,-1.857722278,1.081707573
CCCOCCC,-1.701338362,0.626025468
CCN,-2.077508756,1.520573032
CCN(CC)C(=O)C,-2.300424545,1.174498447
CCN(CC)CC,-1.662888654,0.67794482
CCN(CC)P(=O)(N(C)C)N(C)C,-2.558905633,0.92965027
CCNCC,-1.891083454,1.455075192
CCO,-1.82278284,2.519313046
CCOC(=O)C(C)(C)C,-1.850620103,0.930765937
CCOC(=O)C(C)C,-1.834565377,0.934684379
CCOC(=O)C(Cl)(Cl)Cl,-1.519702267,1.214254302
CCOC(=O)C(Cl)Cl,-1.678671266,1.677555599
CCOC(=O)C1=CC=CC=C1,-1.762155841,1.131749337
CCOC(=O)CCl,-1.888770485,1.489279922
CCOC(=O)Cl,-1.480245737,1.272595544
CCOC(=O)N(C)C,-2.036011371,1.059013265
CCOC1=CC=CC=C1,-1.297847723,1.121381794
CCOC=O,-1.737311833,1.286745472
CCOP(=O)(N(C)C)OCC,-2.455529525,1.115313652
CN(C)C#N,-2.231498068,1.409033503
CN(C)C(=O)C(F)(F)F,-1.913315168,1.47738854
CN(C)C(=O)Cl,-1.842075723,1.487157433
CN(C)C(=O)N(C)C,-2.310275071,1.182471387
CN(C)C1=CC=CC=C1,-1.10342227,1.120946412
CN(C)CC1=CC=CC=C1,-1.3794275,0.875526795
CN(C)P(=O)(N(C)C)N(C)C,-2.592620558,1.01071303
CN(C)P(=O)(N1CC1)N(C)C,-2.465325629,1.049353218
CN(C)P(=O)(N1CC1)N2CC2,-2.48012863,1.120048435
CN(C)P(=O)(N1CCC1)N(C)C,-2.528864248,0.920017434
CN(C)P(=O)(N1CCCC1)N(C)C,-2.633192755,0.916724855
CN1CCCCCC1=O,-2.350303041,1.214580839
CN1CCN(C1=O)C,-1.885913288,1.05425127
CN1CCN(P1(=O)N(C)C)C,-2.555857956,1.022549989
CNC(=O)N(C)C,-2.311118625,2.340642994
CNC(=O)NC,-2.2449405,2.467475329
CNC1=CC=CC=C1,-1.187315016,2.124176307
CNC=O,-2.181946109,2.638362921
CO,-1.850103086,2.622906846
COC(=O)C(F)(F)F,-1.354556281,1.944091262
COC(=O)C1=CC=CC=C1,-1.734427425,1.142525052
COC1=CC=CC=C1,-1.286418935,1.158443721
CSC,-1.2872897,0.993950808
NN,-1.957588116,1.639731753
O,-1.83521845,2.607287502
O=P(Cl)(Cl)Cl,-1.159287274,3.08985447
O=S(=O)(Cl)Cl,-0.399953157,2.861822938
O=S(Cl)Cl,-0.807852043,1.721746912
C(C(F)(F)F)OC(OCC(F)(F)F)OCC(F)(F)F,-0.934493899,1.935410825
C(C(F)(F)F)OCC(F)(F)F,-1.015719928,1.954785342
C(F)(Cl)(Cl)Cl,0.269406466,1.33316812
C1(C(OC(=O)O1)F)F,-1.336188586,2.419773745
C1=CC=C(C=C1)F,-0.880778595,1.168267036
C1=CC=NC(=C1)C#N,-1.886430305,1.749257638
C1C(OC(=O)O1)CC(C(F)(F)F)(C(F)(F)F)F,-1.775054045,2.489026758
C1CC=C(C1)C#N,-2.006242099,1.346093535
C1CCC(=CC1)C#N,-2.061181916,1.2464726
C1COB(OCCOB2OCCCO2)OC1,-1.925914046,1.182553021
C=CCCCOCC1COC(=O)O1,-1.99576571,1.876770258
CC#N,-1.976418405,1.63831676
CC(=O)C(=O)OC,-2.054433489,1.558614569
CC(=O)CC(=O)OC,-1.979574927,1.491021452
CC(=O)CCC(=O)OC,-1.790074738,1.204430987
CC(=O)OCCF,-1.716903283,1.423646025
CC(C)COC(=O)OC,-1.680848178,1.123014478
CC(C)S(=O)(=O)C,-1.825286289,1.586533466
CC(C)S(=O)(=O)C(F)(F)F,-1.354610703,1.617554462
CC(C)S(=O)(=O)CCOCC(F)(F)F,-1.679786933,1.800904875
CC(C)C1=CC=CC=C1,-0.876805731,0.873567574
CC(OC(=O)OCC(F)(F)F)F,-1.196240355,1.688739484
CC(OC(F)(F)C(F)C(F)(F)F)C(F)(F)C(F)C(F)(F)F,-0.720367392,2.203606383
CC1=CC(=C(C=C1)C)C,-0.996780793,0.791987797
CC1=CC=CC=C1C,-0.9335415,0.831961344
CC1CCC(=O)O1,-2.087849088,1.317630411
CC1CCC(O1)C,-1.904852423,0.820396499
CC1CCS(=O)(=O)C1,-1.814129615,1.3500664
CCC(C)OC(=O)OC,-1.66707921,1.089925416
CCC1=CC=CC=C1,-0.882111954,0.853567195
CCC1COC(=O)O1,-1.949152582,1.671215342
CCCC#N,-2.027330934,1.436598652
CCCC(=O)OC,-1.799870842,1.110442811
CCCCC1CCC(=O)O1,-2.129863489,1.278282726
CCCCCCC1COC(=O)O1,-2.003765862,1.635105815
CCCCCCCCC1COC(=O)O1,-1.989888048,1.650616313
CCCCCCCCCC1COC(=O)O1,-2.003602593,1.646017586
CCCCCCCCCCC1COC(=O)O1,-1.987874404,1.644303268
CCCCOC(=O)OC,-1.685011522,1.120592663
CCCCOCCOCCCC,-1.989888048,1.650616313
CCCCS(=O)(=O)CCCC,-1.87894717,1.463374669
CCCOC(=O)OC,-1.673827637,1.126987342
CCCS(=O)(=O)C1=CC=C(C=C1)OC,-1.943547034,1.58196195
CCCS(=O)(=O)CCC,-1.848660882,1.468517624
CCOC(=O)C(F)F,-1.597200334,1.774128857
CCOC(=O)CF,-1.939683015,1.415537028
CCOC(=O)OC,-1.655541576,1.136048739
CCOC(=O)OC(C)F,-1.575267946,1.163450618
CCOC(=O)OCC(F)(F)F,-1.31605215,1.529443948
CCOC(=O)OCC(F)F,-1.415074434,1.564737134
CCOC(=O)OCCF,-1.547566741,1.409985902
CCOC(C(C(C(F)(F)F)(F)F)(F)F)(F)F,-0.719687107,1.380706436
CCOCCC#N,-1.917886683,1.620874252
CCOCCOC,-1.553526037,0.81264125
CCOCCOCC,-1.568764421,0.758408929
CCOCCOCC(F)(F)F,-1.838783144,1.351671872
CCOCCOCC(F)F,-1.782428334,1.300623286
CCOCCOCCF,-2.01481369,1.135041917
CCOCCOCCOCC,-1.537035929,0.765238991
CCOS(=O)OCC,-1.659949823,1.038414235
CCO[Si](CCCOCC1COC(=O)O1)(OCC)OCC,-1.982187222,1.880634277
CCS(=O)(=O)C(C)C,-1.859735922,1.535838627
CCS(=O)(=O)C(F)(F)F,-1.294228607,1.762237475
CCS(=O)(=O)C1CCCC1,-1.894920262,1.42413583
CCS(=O)(=O)C1CCCCC1,-1.90460752,1.403509589
CCS(=O)(=O)C=C,-1.819925643,1.627976428
CCS(=O)(=O)CC1CCCCC1,-1.817830366,1.461224969
CCS(=O)(=O)CCOC,-2.258573411,1.638888199
CCS(=O)(=O)CCOCCOC,-2.20646358,1.68264413
CCS(=O)(=O)CCOCCOCCOC,-2.826720232,1.415564239
CCS(=O)(=O)C,-1.79168021,1.619568105
CN(C)S(=O)(=O)C,-1.78934003,1.57436997
COB(OC)OC,-2.021562117,1.109299932
COC(=O)C(F)F,-1.592465551,1.878811113
COC(=O)OCC(F)(F)C(F)(F)F,-1.255479573,1.903029259
COC(=O)OCC(F)(F)C(F)F,-1.280323581,2.280995605
COC(=O)OCC(F)(F)F,-1.24394194,1.586506254
COC(=O)OCC(F)(F)OC(F)(F)C(F)(F)OC(F)(F)C(F)(F)OC(F)(F)COC(=O)OC,-1.296514364,1.668793528
COC(=O)OCC(F)(F)OC(F)(F)C(F)(F)OC(F)(F)COC(=O)OC,-1.321059047,1.594615251
COC(=O)OCCC(F)(F)F,-1.440244979,1.433306072
COC(=O)OCCCF,-1.619976276,1.26241848
COC(=O)OCCF,-1.506450315,1.454150005
COC(=O)OCF,-1.428952248,1.48127977
COC(C(C(C(F)(F)F)(F)F)(F)F)(F)F,-0.689373608,1.566968469
COC(F)(C(F)(F)C(F)(F)F)C(F)(C(F)(F)F)C(F)(F)F,-0.812831729,2.011194574
COC=O,-1.6766032,1.340705678
COCC#N,-1.878647845,1.583812326
COCC(F)(F)C(F)(F)COC,-1.534668537,1.615540818
COCCC#N,-2.090270902,1.610615555
COCCCCOC,-1.655487153,0.784586296
COCCCOC,-1.711188889,0.833349125
COCCOC(=O)OC,-1.649827182,1.185546275
COCCOCC(F)(F)C(F)F,-1.330528614,2.061345184
COCCOCC(F)(F)F,-1.280269159,1.383400365
COCCOCC(F)(F)OC(F)(F)C(F)(F)OC(F)(F)C(F)(F)OC(F)(F)COCCOC,-1.305494126,1.430394452
COCCOCC(F)(F)OC(F)(F)C(F)(F)OC(F)(F)COCCOC,-1.386638521,1.362638066
COCCOCC(F)F,-1.683759798,1.238445237
COCCOCCC#N,-2.045072767,1.617772153
COCCOCCF,-1.825150232,1.117953158
COCCOCCOC,-1.510804139,0.849431062
COCCOCCOCC(F)(F)OC(F)(F)C(F)(F)OC(F)(F)C(F)(F)OC(F)(F)COCCOCCOC,-1.473470099,1.44862609
COCCOCCOCC(F)(F)OC(F)(F)C(F)(F)OC(F)(F)COCCOCCOC,-1.896498523,1.319018192
COCCOCCOCCC[Si](C)(C)C,-2.035766468,0.85949928
COCCOCCOCCC[Si](C)(C)F,-1.895165164,1.500463807
COCCOCCOCCC[Si](C)(F)F,-1.453388085,1.8692327
COCCOCCOCCNC(=O)NCCOCCOCCOC,-2.133400971,2.602090125
COCCOCCOCCNC(=S)NCCOCCOCCOC,-1.652493899,2.897197758
COCCOCCOCCNC(=S)OCCOCCOCCOC,-1.486041765,2.608811341
COCCOCCOCCOC,-1.524573108,0.838900251
COCCOCCOCCOC(=O)OCCOCCOCCOC,-1.58215243,1.11528644
COCCOCCOCCOCC1COB(B2OCC(COCCOCCOCCOC)O2)O1,-1.938458502,1.314201774
COCCOCCOCCOCC1COB(c2ccc(B3OCC(COCCOCCOCCOC)O3)cc2)O1,-1.544328584,1.365277572
COCCOCCOCCOCCOC,-1.597962254,0.868179717
COCCOCCOCCOCCOCCOCCOCCOCCOC,-1.517579778,0.84219283
COCCOCCOCCOCCOCCOCCOCCOCCOCCOCCOC,-1.512055864,0.845158873
COCCOCCOCCOCCOCCOCCOCCO[Si](C)(C)C,-1.523321383,1.189029334
COCCOCCOCCOCCOCCO[Si](C)(C)C,-1.461796408,1.226526644
COCCOCCOCCOCCO[Si](C)(C)C,-2.320860306,0.849431062
COCCOCCOCCOCCSCCOCCOCCOCCOC,-3.01366255,2.506469265
COCCOCCOCCOCc1ccccc1COCCOCCOCCOC,-1.491647314,0.940997423
COCCOCCOCCO[Si](C)(C)C,-2.283961648,0.92480664
COCCOCCOCCO[Si](C)(C)CCCC#N,-1.999792997,1.467592436
COCCOCCOCCO[Si](C)(C)CCCOCC1COC(=O)O1,-1.969778823,2.072447435
COCCOCCO[Si](C)(C)C,-1.852007884,1.103313424
COCCOCCO[Si](C)(C)CCCC#N,-2.057535588,1.36329114
COCCO[Si](C)(C)C,-1.524273782,1.142307361
COCCO[Si](C)(C)CCCC#N,-2.116176155,1.408679755
COCCO[Si](C)(CCC#N)OCCOC,-2.082107482,1.906621164
COCCO[Si](CCC#N)(OCCOC)OCCOC,-2.201102935,1.263534148
COCCS(=O)(=O)C,-2.163387934,1.630398242
COCCS(=O)(=O)CCOC,-2.216994392,1.733039643
COCOC,-1.715352233,0.976372243
COCOCC(F)(F)OC(F)(F)C(F)(F)OC(F)(F)C(F)(F)OC(F)(F)COCOC,-1.828959828,1.626806338
COCOCC(F)(F)OC(F)(F)C(F)(F)OC(F)(F)COCOC,-1.825830517,1.572057001
COP(=O)(C)OC,-2.417270296,1.398829228
COS(=O)OC,-1.541825135,1.234009779
CO[Si](CCCOCC1COC(=O)O1)(OC)OC,-1.963248087,1.903791178
CS(=O)(=O)C,-2.187959828,1.532709316
CS(=O)(=O)C1=CC=CC=C1F,-1.758618359,1.587268173
CS(=O)(=O)C1CCCC1,-1.88049822,1.601608581
CS(=O)(=O)CC1CCCC1,-1.857803912,1.583594634
CS(=O)(=O)CCC(F)(F)F,-1.514885849,2.104448042
CS(=O)(=O)CCOCC(F)(F)F,-1.561498978,1.958404458
CS(=O)(=O)F,-1.149463959,2.034569167
CS(N)(=O)=O,-1.581308877,2.560048512
C[Si](C)(C)OCCC#N,-2.031766392,1.618724552
C[Si](C)(C)OCCOCCOCCOCCO[Si](C)(C)C,-2.078814903,1.100782764
C[Si](C)(C)OCCOCCOCCO[Si](C)(C)C,-2.207361557,1.016563481
C[Si](C)(C)O[Si](C)(C)CCC1COC(=O)O1,-1.977969455,1.714808005
C[Si](C)(C)O[Si](C)(C)CCCOCC1COC(=O)O1,-1.972799289,1.900008794
C[Si](C)(C)O[Si](C)(CCC1COC(=O)O1)O[Si](C)(C)C,-2.037997803,1.595975821
Cc1ccccc1,-0.859172744,0.879554082
ClCCl,-0.582977034,1.666099599
C(C(C(F)(F)F)(F)F)OC(C(F)(F)F)(F)F,-0.39747692,2.30034291
C(COCC(F)(F)F)OCC(F)(F)F,-0.966031911,1.55338998
C(C(C(F)F)(F)F)OC(C(F)F)(F)F,-0.644393163,2.544483591
C(COCC(C(F)F)(F)F)OCC(C(F)F)(F)F,-1.170199046,2.156585084
FC(F)C(F)(F)COCCOCC(F)(F)F,-1.155151141,1.73510771
C1C(OC(=O)O1)F,-1.626234898,2.313023423
C(C#N)C#N,-1.528464338,2.442549687
C(CC#N)C#N,-1.748468507,2.075903283
C(CC(CC#N)C(F)(F)F)C#N,-1.677746078,2.467257638
C(CC#N)CC#N,-1.778999698,1.958649361
C(CCC#N)CC#N  ,-1.816252104,1.748604564
C(CCC#N)CCC#N,-1.894076708,1.691977641
C(CCCC#N)CCC#N  ,-1.985887972,1.600574548
C(CCCCC#N)CCCC#N ,-1.964336543,1.523729554
B(OCCC#N)(OCCC#N)OCCC#N,-1.758455091,2.029861594
C(COCC(F)(F)F)C#N,-1.955302358,1.864525128
C(OC(=O)OCF)F,-1.183750323,1.677473964
C1C(COC1=O)F,-1.815571819,1.952173047
C1CC(=O)OC1,-2.087549762,1.350556205
C1C(OC(=O)O1)CF,-1.820905254,2.322193665
C1COC(=O)C1F,-1.831653757,1.999003867
O=S(=O)(CCOCC(F)(F)F)CC(F)(F)F,-1.238009854,2.328180173
C(COCCOCCOCCOCCOCCOCCOCCO)O,-1.612792467,2.721412114
C1=CC=CC=C1 ,-0.771715304,0.935337452
